Id,Values_Code,Values_Name,Values_Activity,Values_OperStartdate,Values_State,Date
Sistema,SPRG,ESPROD ENERGY S.A.S. E.S.P.,GENERACIÓN,2026-08-18,OPERACION,2026-08-20
Sistema,SPRC,ESPROD ENERGY S.A.S. E.S.P.,COMERCIALIZACIÓN,2026-08-18,OPERACION,2026-08-20
Sistema,MEXC,MINEX ENERGY S.A.S. E.S.P.,COMERCIALIZACIÓN,2026-08-12,OPERACION,2026-08-20
Sistema,SOUG,SOUL ENERGY SAS ESP,GENERACIÓN,2026-07-28,OPERACION,2026-08-20
Sistema,PSWG,PARQUE SOLAR FOTOVOLTAICO WIMKE S.A.S. E.S.P.,GENERACIÓN,2026-07-28,OPERACION,2026-08-20
Sistema,CASC,EMPRESA DE ENERGIA DE CASANARE S.A. ESP,COMERCIALIZACIÓN,2026-07-23,OPERACION,2026-08-20
Sistema,CASD,EMPRESA DE ENERGIA DE CASANARE S.A. ESP,DISTRIBUCIÓN,2026-07-23,OPERACION,2026-08-20
Sistema,ATEM,ENERGIA ATENEA S.A.S E.S.P,CENTRO RECOLECCIÓN,2026-07-16,OPERACION,2026-08-20
Sistema,BTGC,BTG PACTUAL COMMODITIES COLOMBIA S.A.S. E.S.P.,COMERCIALIZACIÓN,2026-07-14,OPERACION,2026-08-20
Sistema,ATEC,ENERGIA ATENEA S.A.S E.S.P,COMERCIALIZACIÓN,2026-07-07,OPERACION,2026-08-20
Sistema,ATED,ENERGIA ATENEA S.A.S E.S.P,DISTRIBUCIÓN,2026-07-07,OPERACION,2026-08-20
Sistema,PSAG,PARQUE SOLAR ANDRÓMEDA I S.A.S. E.S.P,GENERACIÓN,2026-06-11,OPERACION,2026-08-20
Sistema,BEIG,BEAM ENERGY INNOVATION S.A.S. E.S.P.,GENERACIÓN,2026-05-27,OPERACION,2026-08-20
Sistema,GCOC,GENERCOL S.A.S. E.S.P. ZOMAC,COMERCIALIZACIÓN,2026-05-21,OPERACION,2026-08-20
Sistema,GADM,GADIZ UTILITY SAS ESP,CENTRO RECOLECCIÓN,2026-05-12,OPERACION,2026-08-20
Sistema,TEMG,TERMOEMCALI I S.A E.S.P,GENERACIÓN,2026-04-22,OPERACION,2026-08-20
Sistema,EASC,ENERGY ASSET SAS ESP,COMERCIALIZACIÓN,2026-04-22,OPERACION,2026-08-20
Sistema,EANC,EMPRESA DE ENERGIA ANDES SAS ESP,COMERCIALIZACIÓN,2026-04-21,OPERACION,2026-08-20
Sistema,BCHG,BCCY COLOMBIA HOLDING SAS ESP,GENERACIÓN,2026-04-21,OPERACION,2026-08-20
Sistema,GADG,GADIZ UTILITY SAS ESP,GENERACIÓN,2026-04-07,OPERACION,2026-08-20
Sistema,WSLG,WILCHES SOLAR 1 S.A.S. E.S.P.,GENERACIÓN,2026-03-26,OPERACION,2026-08-20
Sistema,CDIM,CENTRALES ELECTRICAS DEL CAUCA S.A. E.S.P.,CENTRO RECOLECCIÓN,2026-03-26,OPERACION,2026-08-20
Sistema,KEMC,KEM ENERGY S.A.S. E.S.P.,COMERCIALIZACIÓN,2026-03-18,OPERACION,2026-08-20
Sistema,TCBC,TERMO CARIBE S.A.S. E.S.P.,COMERCIALIZACIÓN,2026-03-17,OPERACION,2026-08-20
Sistema,PSBG,PCH SAN BARTOLOME S.A.S. E.S.P.,GENERACIÓN,2026-02-25,OPERACION,2026-08-20
Sistema,NESC, NES TRADING S.A.S. E.S.P.,COMERCIALIZACIÓN,2026-02-24,OPERACION,2026-08-20
Sistema,NTCG,NITRO ENERGY COLOMBIA S.A.S. E.S.P.,GENERACIÓN,2026-02-19,OPERACION,2026-08-20
Sistema,SLUG,SPK LA UNIÓN S.A.S. E.S.P.,GENERACIÓN,2026-02-13,OPERACION,2026-08-20
Sistema,SLMG,SPK LA MATA S.A.S E.S.P,GENERACIÓN,2026-02-13,OPERACION,2026-08-20
Sistema,SOEC,COREX ENERGY S.A.S. E.S.P.,COMERCIALIZACIÓN,2026-01-30,OPERACION,2026-08-20
Sistema,SOEG,COREX ENERGY S.A.S. E.S.P.,GENERACIÓN,2026-01-30,OPERACION,2026-08-20
Sistema,SNCG,SUNCOLOMBIA GENERACIÓN S.A.S E.S.P,GENERACIÓN,2026-01-09,OPERACION,2026-08-20
Sistema,TUSC,ALTUS ENERGY S.A.S E.S.P,COMERCIALIZACIÓN,2025-12-17,OPERACION,2026-08-20
Sistema,ECNG,ECOGENERATION S.A.S. E.S.P.,GENERACIÓN,2025-12-04,OPERACION,2026-08-20
Sistema,CEMC,CEM - COMPAÑIA ENERGETICA MULTIREGIONAL S.A.S. E.S.P.,COMERCIALIZACIÓN,2025-12-04,OPERACION,2026-08-20
Sistema,ECNC,ECOGENERATION S.A.S. E.S.P.,COMERCIALIZACIÓN,2025-12-01,OPERACION,2026-08-20
Sistema,CVLC,COMERCIALIZADORA DE ENERGÍA VITALUZ S.A.S. E.S.P,COMERCIALIZACIÓN,2025-12-01,OPERACION,2026-08-20
Sistema,CNXT,CONEXIÓN Y GESTIÓN DE ACTIVOS S.A.S. E.S.P. CONEXSIS S.A.S. E.S.P,TRANSPORTE,2025-10-27,OPERACION,2026-08-20
Sistema,GYPG,GREENDIPITY SAS BIC ESP,GENERACIÓN,2025-10-23,OPERACION,2026-08-20
Sistema,SOCC,COMPAÑÍA ELÉCTRICA DE SOCHAGOTA  S.A.S. E.S.P.,COMERCIALIZACIÓN,2025-10-22,OPERACION,2026-08-20
Sistema,SUNG,SUNO S.A.S. ESP,GENERACIÓN,2025-10-15,OPERACION,2026-08-20
Sistema,RTQG,RUITOQUE S.A. E.S.P.,GENERACIÓN,2025-10-02,OPERACION,2026-08-20
Sistema,EPRC,EPRING ENERGY SAS ESP,COMERCIALIZACIÓN,2025-10-02,OPERACION,2026-08-20
Sistema,RTAM,SPECTRUM RENOVAVEIS S.A.S. E.S.P.,CENTRO RECOLECCIÓN,2025-10-01,INACTIVO,2026-08-20
Sistema,TEMM,TERMOEMCALI I S.A. E.S.P.,CENTRO RECOLECCIÓN,2025-10-01,INACTIVO,2026-08-20
Sistema,ELGC,E.L.E.C. GREEN S.A.S. E.S.P.,COMERCIALIZACIÓN,2025-09-30,OPERACION,2026-08-20
Sistema,FCLC,FACTOR LUZ S.A.S. E.S.P.,COMERCIALIZACIÓN,2025-09-26,OPERACION,2026-08-20
Sistema,GSYC,GENERSYS S.A.S. E.S.P.,COMERCIALIZACIÓN,2025-09-25,OPERACION,2026-08-20
Sistema,EVTG,ENERVOLTIO SAS ESP,GENERACIÓN,2025-09-23,OPERACION,2026-08-20
Sistema,EREC,COMERCIALIZADORA DE ENERGÍAS RENOVABLES GREEN ENERGY S.A.S - E.S.P,COMERCIALIZACIÓN,2025-09-09,OPERACION,2026-08-20
Sistema,MCEC,MCI ENERGY S.A.S E.S.P,COMERCIALIZACIÓN,2025-09-05,OPERACION,2026-08-20
Sistema,BIAG,BIA ENERGY S.A.S. E.S.P,GENERACIÓN,2025-09-05,OPERACION,2026-08-20
Sistema,CTIC,EMPRESAS MUNICIPALES DE CARTAGO S.A.S. E.S.P.,COMERCIALIZACIÓN,2025-09-02,OPERACION,2026-08-20
Sistema,CTID,EMPRESAS MUNICIPALES DE CARTAGO S.A.S. E.S.P.,DISTRIBUCIÓN,2025-09-02,OPERACION,2026-08-20
Sistema,LATC,EMPRESA DESARROLLO ENÉRGETICO NACIONAL SOCIEDAD DE ECONOMIA MIXTA SAS E.S.P.,COMERCIALIZACIÓN,2025-08-29,OPERACION,2026-08-20
Sistema,BCHC,BCCY COLOMBIA HOLDING SAS ESP,COMERCIALIZACIÓN,2025-08-26,OPERACION,2026-08-20
Sistema,XAFC,GREENYELLOW JEQUES S.A.S E.S.P,COMERCIALIZACIÓN,2025-08-25,INACTIVO,2026-08-20
Sistema,XAFG,GREENYELLOW JEQUES S.A.S E.S.P,GENERACIÓN,2025-08-25,INACTIVO,2026-08-20
Sistema,SOCG,COMPAÑÍA ELÉCTRICA DE SOCHAGOTA  S.A.S. E.S.P.,GENERACIÓN,2025-08-15,OPERACION,2026-08-20
Sistema,NEXG,NEXTGY S.A.S. E.S.P.,GENERACIÓN,2025-08-14,OPERACION,2026-08-20
Sistema,SCEG,SOL & CIELO ENERGIA S.A.S. E.S.P,GENERACIÓN,2025-08-14,OPERACION,2026-08-20
Sistema,EDQG,EMPRESA DE ENERGIA DEL QUINDIO S.A. E.S.P.,GENERACIÓN,2025-08-13,OPERACION,2026-08-20
Sistema,EPTG,EMPRESA DE ENERGIA DEL PUTUMAYO S.A. E.S.P.,GENERACIÓN,2025-08-08,OPERACION,2026-08-20
Sistema,HTCC,HT INDUSTRIES COLOMBIA S.A.S. E.S.P.,COMERCIALIZACIÓN,2025-07-31,OPERACION,2026-08-20
Sistema,OTAC,OTACC GENERACION S.A.S. E.S.P.,COMERCIALIZACIÓN,2025-07-29,OPERACION,2026-08-20
Sistema,TADG,EL TAMARINDO SOLAR S.A.S. E.S.P.,GENERACIÓN,2025-07-25,OPERACION,2026-08-20
Sistema,CTEG,COENERGIA S.A.S. E.S.P.,GENERACIÓN,2025-07-21,OPERACION,2026-08-20
Sistema,CTEC,COENERGIA S.A.S. E.S.P.,COMERCIALIZACIÓN,2025-06-27,OPERACION,2026-08-20
Sistema,APMC,AMPERIUM ENERGY E.S.P S.A.S.,COMERCIALIZACIÓN,2025-06-26,OPERACION,2026-08-20
Sistema,ESNG,ES INVEST COLOMBIA S.A.S. ESP,GENERACIÓN,2025-06-25,OPERACION,2026-08-20
Sistema,CERG,CEE ENERGY SAS ESP,GENERACIÓN,2025-06-16,OPERACION,2026-08-20
Sistema,EVSC,EMPRESA DE ENERGIA DEL VALLE DE SIBUNDOY S.A. E.S.P.,COMERCIALIZACIÓN,2025-06-12,OPERACION,2026-08-20
Sistema,ESNC,ES INVEST COLOMBIA S.A.S. ESP,COMERCIALIZACIÓN,2025-05-29,OPERACION,2026-08-20
Sistema,SEJC,SOL DEL EJE S.A.S E.S.P,COMERCIALIZACIÓN,2025-05-29,OPERACION,2026-08-20
Sistema,OTAG,OTACC GENERACION S.A.S. E.S.P.,GENERACIÓN,2025-05-12,OPERACION,2026-08-20
Sistema,DUCG,DUCK ENERGY S.A.S. ESP,GENERACIÓN,2025-04-30,OPERACION,2026-08-20
Sistema,ITLC,ITALCOL ENERGIA S.A. E.S.P.,COMERCIALIZACIÓN,2025-04-22,OPERACION,2026-08-20
Sistema,STOC,STOCK ENERGY SAS ESP,COMERCIALIZACIÓN,2025-04-03,OPERACION,2026-08-20
Sistema,EGRC,4E GROUP S.A.S E.S.P.,COMERCIALIZACIÓN,2025-02-28,OPERACION,2026-08-20
Sistema,GRCG,GR POWER COLOMBIA S.A.S E.S.P.,GENERACIÓN,2025-02-12,OPERACION,2026-08-20
Sistema,GRCC,GR POWER COLOMBIA S.A.S E.S.P.,COMERCIALIZACIÓN,2025-02-12,OPERACION,2026-08-20
Sistema,DMRC,DEMAND RESPONSE SAS ESP,COMERCIALIZACIÓN,2025-02-06,OPERACION,2026-08-20
Sistema,CTCG,CENTRAL TERMOCARTAGENA SAS ESP,GENERACIÓN,2025-02-05,OPERACION,2026-08-20
Sistema,ECBG,ECOARDOBELA I S.A.S. E.S.P.,GENERACIÓN,2025-01-29,OPERACION,2026-08-20
Sistema,COGC,COMERCIALIZADORA 4G ENERGIA SAS ESP,COMERCIALIZACIÓN,2025-01-27,OPERACION,2026-08-20
Sistema,COGG,COMERCIALIZADORA 4G ENERGIA SAS ESP,GENERACIÓN,2025-01-27,OPERACION,2026-08-20
Sistema,CHCC,CENTRAL HIDROELECTRICA DE CALDAS S.A. E.S.P. BENEFICIO E INTERES COLECTIVO,COMERCIALIZACIÓN,2025-01-15,OPERACION,2026-08-20
Sistema,CHCD,CENTRAL HIDROELECTRICA DE CALDAS S.A. E.S.P. BENEFICIO E INTERES COLECTIVO,DISTRIBUCIÓN,2025-01-15,OPERACION,2026-08-20
Sistema,CHCT,CENTRAL HIDROELECTRICA DE CALDAS S.A. E.S.P. BENEFICIO E INTERES COLECTIVO,TRANSPORTE,2025-01-15,OPERACION,2026-08-20
Sistema,SPKG,ZELESTRA COLOMBIA S.A.S. E.S.P.,GENERACIÓN,2025-01-14,OPERACION,2026-08-20
Sistema,DTEC,2T ENERGY S.A.S. E.S.P.,COMERCIALIZACIÓN,2024-12-27,OPERACION,2026-08-20
Sistema,TMFG,ENFRAGEN TERMOFLORES S.A.S. E.S.P.,GENERACIÓN,2024-11-26,OPERACION,2026-08-20
Sistema,TMVG,ENFRAGEN TERMOVALLE S.A.S. EMPRESA DE SERVICIOS PUBLICOS,GENERACIÓN,2024-11-21,OPERACION,2026-08-20
Sistema,IMDC,I + D ENERGY S.A.S ESP,COMERCIALIZACIÓN,2024-11-12,INACTIVO,2026-08-20
Sistema,SGMC,SIGMA2 COMERCIALIZADORA  DE ENERGIA ELECTRICA SAS ESP,COMERCIALIZACIÓN,2024-11-08,OPERACION,2026-08-20
Sistema,SGMG,SIGMA2 COMERCIALIZADORA  DE ENERGIA ELECTRICA SAS ESP,GENERACIÓN,2024-11-08,OPERACION,2026-08-20
Sistema,MATG,PROYECTO SOLAR MATIMBA II S.A.S ESP,GENERACIÓN,2024-10-11,OPERACION,2026-08-20
Sistema,ENOC,ENERGIA Y ALUMBRADO DE COLOMBIA SAS ESP,COMERCIALIZACIÓN,2024-10-01,OPERACION,2026-08-20
Sistema,MARG,SOLAR LAS MARIAS SAS ESP,GENERACIÓN,2024-09-19,OPERACION,2026-08-20
Sistema,CSIC,AIR- E S.A.S. E.S.P. - INTERVENIDO,COMERCIALIZACIÓN,2024-09-13,OPERACION,2026-08-20
Sistema,CSID,AIR- E S.A.S. E.S.P. - INTERVENIDO,DISTRIBUCIÓN,2024-09-13,OPERACION,2026-08-20
Sistema,CSIG,AIR- E S.A.S. E.S.P. - INTERVENIDO,GENERACIÓN,2024-09-13,OPERACION,2026-08-20
Sistema,CORG,PROYECTO SOLAR COROZO SAS ESP,GENERACIÓN,2024-08-29,OPERACION,2026-08-20
Sistema,EXIG,ENERXIA COLOMBIA SAS ESP,GENERACIÓN,2024-08-20,OPERACION,2026-08-20
Sistema,NUEG,NUEVAS ENERGIAS II S.A.S. ESP,GENERACIÓN,2024-08-09,OPERACION,2026-08-20
Sistema,ERCG,ENERGIA RENOVABLE DE COLOMBIA S.A.S E.S.P.,GENERACIÓN,2024-07-31,OPERACION,2026-08-20
Sistema,ETNC,ENERGY TRANSITIONS S.A.S. E.S.P.,COMERCIALIZACIÓN,2024-07-25,OPERACION,2026-08-20
Sistema,TCET,TRANSMISORA COLOMBIANA DE ENERGIA S.A.S. E.S.P.,TRANSPORTE,2024-07-24,OPERACION,2026-08-20
Sistema,RENG,RISARALDA ENERGIA S.A.S. E.S.P.,GENERACIÓN,2024-07-22,OPERACION,2026-08-20
Sistema,ORQG,LA ORQUIDEA SOLAR S.A.S. E.S.P.,GENERACIÓN,2024-07-12,OPERACION,2026-08-20
Sistema,JOAG,GENERADORA SAN JOAQUIN SAS ESP,GENERACIÓN,2024-06-25,OPERACION,2026-08-20
Sistema,FTNG,FOTOVOLTAICO TOLIMA NORTE S.A.S E.S.P,GENERACIÓN,2024-06-24,OPERACION,2026-08-20
Sistema,PSCG,PROYECTO SOLAR CIMITARRA SAS ESP,GENERACIÓN,2024-06-18,OPERACION,2026-08-20
Sistema,SOVG,SOLANO RENOVABLES S.A.S. E.S.P.,GENERACIÓN,2024-06-12,OPERACION,2026-08-20
Sistema,OROG,PARQUE SOLAR PUERTA DE ORO S.A.S. E.S.P.,GENERACIÓN,2024-06-04,OPERACION,2026-08-20
Sistema,SOLG,PARQUE SOLAR COLOMBIA I S.A.S. - E.S.P.,GENERACIÓN,2024-05-29,OPERACION,2026-08-20
Sistema,PSXG,PARQUE SOLAR COLOMBIA X S.A.S. - E.S.P.,GENERACIÓN,2024-05-27,OPERACION,2026-08-20
Sistema,PSVG,PARQUE SOLAR COLOMBIA XIV S.A.S. - E.S.P.,GENERACIÓN,2024-05-27,OPERACION,2026-08-20
Sistema,GREC,GRUPO ENERGÉTICO SA ESP,COMERCIALIZACIÓN,2024-05-15,OPERACION,2026-08-20
Sistema,SDEG,SOLAR EL EDÉN S.A.S. E.S.P.,GENERACIÓN,2024-05-07,OPERACION,2026-08-20
Sistema,CPSG,EL CAMPANO SOLAR S.A.S. E.S.P.,GENERACIÓN,2024-04-30,OPERACION,2026-08-20
Sistema,SHAG,OPERADORA SHANGRI-LA S.A.S E.S.P,GENERACIÓN,2024-04-30,OPERACION,2026-08-20
Sistema,CSMG,SOLAR VILLAVIEJA S.A.S. E.S.P.,GENERACIÓN,2024-04-29,OPERACION,2026-08-20
Sistema,FYRG,FOTOVOLTAICO EL YARUMO SAS ESP,GENERACIÓN,2024-04-29,OPERACION,2026-08-20
Sistema,GWOC,GREENWOOD ENERGY S.A.S. E.S.P,COMERCIALIZACIÓN,2024-04-24,OPERACION,2026-08-20
Sistema,TAMG,TAMARINO COLOMBIA S.A.S. E.S.P.,GENERACIÓN,2024-04-24,OPERACION,2026-08-20
Sistema,DRUG,DRUMMOND POWER S.A.S. E.S.P.,GENERACIÓN,2024-04-09,OPERACION,2026-08-20
Sistema,ELIG,ENERGIA LIMPIA Y EFICIENTE S.A.S ESP,GENERACIÓN,2024-04-08,OPERACION,2026-08-20
Sistema,GBUG,GENERADORA BUENAVISTA S.A.S E.S.P,GENERACIÓN,2024-03-19,OPERACION,2026-08-20
Sistema,DUCC,DUCK ENERGY S.A.S. ESP,COMERCIALIZACIÓN,2024-03-18,OPERACION,2026-08-20
Sistema,ESSC,ELECTRIFICADORA DE SANTANDER S.A. E.S.P.,COMERCIALIZACIÓN,2024-02-13,OPERACION,2026-08-20
Sistema,ENZT,ENLAZA GRUPO ENERGIA BOGOTA SAS ESP,TRANSPORTE,2024-01-18,OPERACION,2026-08-20
Sistema,GSAC,GENERSA S.A.S. E.S.P.,COMERCIALIZACIÓN,2024-01-12,OPERACION,2026-08-20
Sistema,TCIG,TERMOCANDELARIA S.A.S. - E.S.P.,GENERACIÓN,2024-01-12,OPERACION,2026-08-20
Sistema,COXG,COX ENERGY COMERCIALIZADORA SAS ESP,GENERACIÓN,2023-12-21,OPERACION,2026-08-20
Sistema,CSSG,AIR- E S.A.S. E.S.P.,GENERACIÓN,2023-12-13,OPERACION,2026-08-20
Sistema,XFRG,ABO WIND RENOVABLES PROYECTO DIECISEIS S.A.S. ESP,GENERACIÓN,2023-12-13,OPERACION,2026-08-20
Sistema,XFRC,ABO WIND RENOVABLES PROYECTO DIECISEIS S.A.S. ESP,COMERCIALIZACIÓN,2023-12-13,OPERACION,2026-08-20
Sistema,CEOG,COMPAÑIA ENERGETICA DE OCCIDENTE S.A.S. ESP,GENERACIÓN,2023-10-25,OPERACION,2026-08-20
Sistema,BIAC,BIA ENERGY S.A.S. E.S.P,COMERCIALIZACIÓN,2023-10-19,OPERACION,2026-08-20
Sistema,EGRG,4E GROUP S.A.S E.S.P.,GENERACIÓN,2023-10-19,OPERACION,2026-08-20
Sistema,EOEG,EOLOS ENERGÍA S.A.S. E.S.P. EN LIQUIDACIÓN,GENERACIÓN,2023-10-11,OPERACION,2026-08-20
Sistema,TCNG,GENERADORA TERMOCENTRO S.A.S. E.S.P.,GENERACIÓN,2023-10-02,OPERACION,2026-08-20
Sistema,CMCD,COMPAÑÍA ELÉCTRICA DEL MAR CARIBE S.A.S. E.S.P,DISTRIBUCIÓN,2023-09-21,OPERACION,2026-08-20
Sistema,PDSG,PARQUE SOLAR PORTON DEL SOL SAS ESP,GENERACIÓN,2023-09-13,INACTIVO,2026-08-20
Sistema,VNRG,VIENTOS DEL NORTE S.A.S. E.S.P. EN LIQUIDACIÓN,GENERACIÓN,2023-09-11,OPERACION,2026-08-20
Sistema,EYCG,ENERGIA Y GAS DE COLOMBIA SAS ESP,GENERACIÓN,2023-08-29,OPERACION,2026-08-20
Sistema,BCCG,BCCY CORDOBA S.A.S. E.S.P.,GENERACIÓN,2023-08-17,OPERACION,2026-08-20
Sistema,VCHG,VACHE S.A.S E.S.P.,GENERACIÓN,2023-08-16,OPERACION,2026-08-20
Sistema,TMMG,TERMO MECHERO MORRO S.A.S E.S.P,GENERACIÓN,2023-06-28,OPERACION,2026-08-20
Sistema,ZONC,ZONERGY SAS ESP,COMERCIALIZACIÓN,2023-06-26,OPERACION,2026-08-20
Sistema,DEGD,DESARROLLO ELECTRICO DEL RIO GUATAPURI SAS ESP,DISTRIBUCIÓN,2023-05-31,OPERACION,2026-08-20
Sistema,RFVG,REFOENERGY VILLANUEVA S.A.S E.S.P.,GENERACIÓN,2023-05-12,OPERACION,2026-08-20
Sistema,ECSD,ENERGIA DE COLOMBIA STR S.A.S. E.S.P.,DISTRIBUCIÓN,2023-05-03,OPERACION,2026-08-20
Sistema,BCCC,BCCY CORDOBA S.A.S. E.S.P.,COMERCIALIZACIÓN,2023-04-25,OPERACION,2026-08-20
Sistema,TESC,TESLA GBC EMPRESA DE SERVICIOS PUBLICOS ESP,COMERCIALIZACIÓN,2023-03-02,INACTIVO,2026-08-20
Sistema,GCYC,GENERADORA CANTAYÚS S.A.S E.S.P,COMERCIALIZACIÓN,2023-03-01,OPERACION,2026-08-20
Sistema,CAFC,COMERCIALIZADORA DEL CAFE S.A.S E.S.P,COMERCIALIZACIÓN,2023-02-23,OPERACION,2026-08-20
Sistema,GASC,GENERARCO S.A.S. E.S.P.,COMERCIALIZACIÓN,2023-02-23,OPERACION,2026-08-20
Sistema,CNRC,COENERSA S.A.S. E.S.P.,COMERCIALIZACIÓN,2023-02-23,OPERACION,2026-08-20
Sistema,AMRC,AMERICANA DE ENERGIA S.A.S. E.S.P.,COMERCIALIZACIÓN,2023-02-23,OPERACION,2026-08-20
Sistema,LTEC,LATINOAMERICAN ENERGY S.A.S E.S.P.,COMERCIALIZACIÓN,2023-02-23,OPERACION,2026-08-20
Sistema,NORD,ELECNORTE SAS ESP,DISTRIBUCIÓN,2023-02-17,INACTIVO,2026-08-20
Sistema,NMRG,ENERMAS SAS ESP,GENERACIÓN,2023-02-15,OPERACION,2026-08-20
Sistema,EMMC,ECOMMERCIAL S.A.S. E.S.P.,COMERCIALIZACIÓN,2023-02-02,OPERACION,2026-08-20
Sistema,IENC,INTI ENERGIA INTELIGENTE S.A.S. E.S.P.,COMERCIALIZACIÓN,2023-01-17,INACTIVO,2026-08-20
Sistema,UNGG,UNERGY ENERGY DIGITAL S.A.S E.S.P,GENERACIÓN,2022-12-20,OPERACION,2026-08-20
Sistema,CIEG,COMPAÑÍA INTEGRAL ENERGETICA S.A.S E.S.P,GENERACIÓN,2022-12-13,OPERACION,2026-08-20
Sistema,CALG,EMPRESAS PUBLICAS DE CALARCA ESP,GENERACIÓN,2022-11-22,OPERACION,2026-08-20
Sistema,PSGG,PARQUE SOLAR LOS GIRASOLES S.A.S ESP,GENERACIÓN,2022-10-28,OPERACION,2026-08-20
Sistema,DRUC,DRUMMOND POWER S.A.S. E.S.P.,COMERCIALIZACIÓN,2022-10-28,OPERACION,2026-08-20
Sistema,MERC,MERELEC COLOMBIA S.A.S. E.S.P.,COMERCIALIZACIÓN,2022-09-30,OPERACION,2026-08-20
Sistema,SURC,SURENERGY SAS ESP,COMERCIALIZACIÓN,2022-09-30,INACTIVO,2026-08-20
Sistema,VCHC,VACHE S.A.S E.S.P.,COMERCIALIZACIÓN,2022-09-30,INACTIVO,2026-08-20
Sistema,ASEC,APH SERVICIOS ELECTRICOS SA ESP,COMERCIALIZACIÓN,2022-08-23,INACTIVO,2026-08-20
Sistema,COXC,COX ENERGY COMERCIALIZADORA SAS ESP,COMERCIALIZACIÓN,2022-08-16,OPERACION,2026-08-20
Sistema,CLIC,COMPAÑIA DE LUZ INTELIGENTE DE COLOMBIA - CLIC S.A.S. E.S.P.,COMERCIALIZACIÓN,2022-08-11,OPERACION,2026-08-20
Sistema,EYCC,ENERGIA Y GAS DE COLOMBIA SAS ESP,COMERCIALIZACIÓN,2022-08-04,OPERACION,2026-08-20
Sistema,FERG,FUENTES DE ENERGIAS RENOVABLES S.A.S. E.S.P.,GENERACIÓN,2022-08-04,OPERACION,2026-08-20
Sistema,PSGC,PARQUE SOLAR LOS GIRASOLES S.A.S ESP,COMERCIALIZACIÓN,2022-08-01,OPERACION,2026-08-20
Sistema,EXEC,ENEL X COLOMBIA S.A.S ESP,COMERCIALIZACIÓN,2022-07-26,OPERACION,2026-08-20
Sistema,JMWG,JEMEIWAA KA I S.A.S. E.S.P.,GENERACIÓN,2022-07-19,INACTIVO,2026-08-20
Sistema,TRMG,TERMOTASAJERO S.A. E.S.P.,GENERACIÓN,2022-06-30,OPERACION,2026-08-20
Sistema,TERG,TERMOTASAJERO DOS S.A. E.S.P.,GENERACIÓN,2022-06-30,OPERACION,2026-08-20
Sistema,CHVC,AES COLOMBIA & CIA. S.C.A. E.S.P.,COMERCIALIZACIÓN,2022-06-13,OPERACION,2026-08-20
Sistema,CHVG,AES COLOMBIA & CIA. S.C.A. E.S.P.,GENERACIÓN,2022-06-13,OPERACION,2026-08-20
Sistema,PSBC,PCH SAN BARTOLOME S.A.S. E.S.P.,COMERCIALIZACIÓN,2022-06-13,INACTIVO,2026-08-20
Sistema,GHLC,GHL ENERGY S.A.S. E.S.P.,COMERCIALIZACIÓN,2022-06-09,INACTIVO,2026-08-20
Sistema,SDCG,SOL DE LAS CIÉNAGAS S.A.S. E.S.P.,GENERACIÓN,2022-05-26,OPERACION,2026-08-20
Sistema,GNSG,GENERSOL S.A.S. E.S.P.,GENERACIÓN,2022-05-24,OPERACION,2026-08-20
Sistema,SPRG,ESPACIO PRODUCTIVO S.A.S. E.S.P.,GENERACIÓN,2022-05-17,OPERACION,2026-08-20
Sistema,PWFC,POWER FINTECH S.A. E.S.P.,COMERCIALIZACIÓN,2022-05-13,OPERACION,2026-08-20
Sistema,FFEC,FORCEFUL ENERGY S.A.S. E.S.P.,COMERCIALIZACIÓN,2022-05-11,OPERACION,2026-08-20
Sistema,SULG,SUBA SOLAR S.A.S. E.S.P.,GENERACIÓN,2022-04-25,INACTIVO,2026-08-20
Sistema,GPYG,GENERPUTUMAYO S.A.S. E.S.P.,GENERACIÓN,2022-04-18,INACTIVO,2026-08-20
Sistema,DEPC,DEPI ENERGY S.A.S. E.S.P.,COMERCIALIZACIÓN,2022-04-12,OPERACION,2026-08-20
Sistema,BIGC,BIOGER S.A.S. E.S.P.,COMERCIALIZACIÓN,2022-04-08,OPERACION,2026-08-20
Sistema,ENBC,ENERBIT S.A.S. E.S.P.,COMERCIALIZACIÓN,2022-04-08,OPERACION,2026-08-20
Sistema,NTCC,NITRO ENERGY COLOMBIA S.A.S. E.S.P.,COMERCIALIZACIÓN,2022-03-31,INACTIVO,2026-08-20
Sistema,CIEC,COMPAÑÍA INTEGRAL ENERGETICA S.A.S E.S.P,COMERCIALIZACIÓN,2022-03-30,OPERACION,2026-08-20
Sistema,NTCG,NITRO ENERGY COLOMBIA S.A.S. E.S.P.,GENERACIÓN,2022-03-29,OPERACION,2026-08-20
Sistema,YGSC,YARIGUIES SOLAR S.A.S. E.S.P.,COMERCIALIZACIÓN,2022-03-25,INACTIVO,2026-08-20
Sistema,YGSG,YARIGUIES SOLAR S.A.S. E.S.P.,GENERACIÓN,2022-03-25,INACTIVO,2026-08-20
Sistema,SCEC,SOL & CIELO ENERGIA S.A.S. E.S.P,COMERCIALIZACIÓN,2022-03-23,OPERACION,2026-08-20
Sistema,ENDD,ENEL COLOMBIA SA ESP,DISTRIBUCIÓN,2022-03-16,OPERACION,2026-08-20
Sistema,ENDT,ENEL COLOMBIA SA ESP,TRANSPORTE,2022-03-16,INACTIVO,2026-08-20
Sistema,ESVC,EMPRESA SIGLO XXI EICE ESP,COMERCIALIZACIÓN,2022-03-10,OPERACION,2026-08-20
Sistema,ENDG,ENEL COLOMBIA SA ESP,GENERACIÓN,2022-03-03,OPERACION,2026-08-20
Sistema,ENDC,ENEL COLOMBIA SA ESP,COMERCIALIZACIÓN,2022-03-03,OPERACION,2026-08-20
Sistema,RTAC,SPECTRUM RENOVAVEIS S.A.S. E.S.P.,COMERCIALIZACIÓN,2022-02-21,OPERACION,2026-08-20
Sistema,RTAG,SPECTRUM RENOVAVEIS S.A.S. E.S.P.,GENERACIÓN,2022-02-21,OPERACION,2026-08-20
Sistema,ADCG,ENERGIA DEL RIO PIEDRAS S.A. E.S.P,GENERACIÓN,2022-02-18,OPERACION,2026-08-20
Sistema,ADCC,ENERGIA DEL RIO PIEDRAS S.A. E.S.P,COMERCIALIZACIÓN,2022-02-18,OPERACION,2026-08-20
Sistema,ESUG,ENERGIA DEL SUROESTE S.A. E.S.P.,GENERACIÓN,2022-02-15,OPERACION,2026-08-20
Sistema,DCLC,DISTRIBUIDORA Y COMERCIALIZADORA DE ENERGIA ELECTRICA S.A. E.S.P.,COMERCIALIZACIÓN,2022-02-09,OPERACION,2026-08-20
Sistema,CEOC,COMPAÑIA ENERGETICA DE OCCIDENTE S.A.S. ESP,COMERCIALIZACIÓN,2022-01-25,OPERACION,2026-08-20
Sistema,CEOD,COMPAÑIA ENERGETICA DE OCCIDENTE S.A.S. ESP,DISTRIBUCIÓN,2022-01-25,OPERACION,2026-08-20
Sistema,GPWC,GP ENERGY POWER S.A.S. ESP,COMERCIALIZACIÓN,2022-01-25,INACTIVO,2026-08-20
Sistema,SVCC,SVC ESP SAS ZOMAC,COMERCIALIZACIÓN,2022-01-24,INACTIVO,2026-08-20
Sistema,NRCC,ENERCO S.A. E.S.P.,COMERCIALIZACIÓN,2022-01-21,OPERACION,2026-08-20
Sistema,NRCG,ENERCO S.A. E.S.P.,GENERACIÓN,2022-01-21,OPERACION,2026-08-20
Sistema,ETTC,ENERTOTAL S.A. E.S.P.,COMERCIALIZACIÓN,2022-01-21,OPERACION,2026-08-20
Sistema,FARG,FOTOVOLTAICO ARRAYANES S.A.S. E.S.P.,GENERACIÓN,2022-01-21,OPERACION,2026-08-20
Sistema,ENUG,EMPRESA ENERSUA S.A.S. E.S.P.,GENERACIÓN,2021-12-28,INACTIVO,2026-08-20
Sistema,CTZG,CENTRAL HIDROELÉCTRICA TZ II S.A.S. E.S.P.,GENERACIÓN,2021-12-23,OPERACION,2026-08-20
Sistema,EEAD,ENERGÍA ELÉCTRICA DE LA COSTA ATLÁNTICA S.A. E.S.P,DISTRIBUCIÓN,2021-12-20,OPERACION,2026-08-20
Sistema,NEXC,NEXTGY S.A.S. E.S.P.,COMERCIALIZACIÓN,2021-11-19,OPERACION,2026-08-20
Sistema,AAGG,ATLÁNTICA COLOMBIA S.A.S. E.S.P.,GENERACIÓN,2021-11-12,OPERACION,2026-08-20
Sistema,AAGC,ATLÁNTICA COLOMBIA S.A.S. E.S.P.,COMERCIALIZACIÓN,2021-11-12,OPERACION,2026-08-20
Sistema,ERNC,ÉRGON ENERGY SAS ESP,COMERCIALIZACIÓN,2021-10-25,OPERACION,2026-08-20
Sistema,SAPT,SAMPI JPD S.A.S. E.S.P.,TRANSPORTE,2021-09-30,OPERACION,2026-08-20
Sistema,EMPC,EMPRESA MUNICIPAL DE SERVICIOS PUBLICOS DE CARTAGENA DEL CHAIRA,COMERCIALIZACIÓN,2021-09-27,OPERACION,2026-08-20
Sistema,BEIC,BEAM ENERGY INNOVATION S.A.S. E.S.P.,COMERCIALIZACIÓN,2021-09-24,OPERACION,2026-08-20
Sistema,SENC,SOI ENERGIA S.A.S E.S.P.,COMERCIALIZACIÓN,2021-09-21,INACTIVO,2026-08-20
Sistema,JAEC,J.A. INFRAESTRUCTURA S.A.S E.S.P.,COMERCIALIZACIÓN,2021-08-25,INACTIVO,2026-08-20
Sistema,UNGC,UNERGY ENERGY DIGITAL S.A.S E.S.P,COMERCIALIZACIÓN,2021-08-17,OPERACION,2026-08-20
Sistema,GMMC,GAMMA POWER S.A.S. E.S.P.,COMERCIALIZACIÓN,2021-08-12,INACTIVO,2026-08-20
Sistema,ERRG,ERCO GENERACION S.A.S. ESP,GENERACIÓN,2021-08-10,OPERACION,2026-08-20
Sistema,BDJG,BIOGAS COLOMBIA S.A.S. E.S.P,GENERACIÓN,2021-07-22,OPERACION,2026-08-20
Sistema,EDPD,EMPRESA DISTRIBUIDORA DEL PACIFICO S.A. E.S.P.,DISTRIBUCIÓN,2021-06-24,OPERACION,2026-08-20
Sistema,ENNC,ENGIE COLOMBIA ENERGIA SAS ESP,COMERCIALIZACIÓN,2021-06-21,INACTIVO,2026-08-20
Sistema,PCEG,PROMOENERCOL COMERCIALIZADORA DE ENERGÍA S.A.S E.S.P,GENERACIÓN,2021-06-17,OPERACION,2026-08-20
Sistema,ATRC,ATRIA ENERGIA S.A.S. E.S.P.,COMERCIALIZACIÓN,2021-06-11,INACTIVO,2026-08-20
Sistema,JRTC,EMPRESA PRESTADORA DE SERVICIOS PUBLICOS DE JIREH ENERGY S.A.S. E.S.P.,COMERCIALIZACIÓN,2021-06-02,INACTIVO,2026-08-20
Sistema,PTTC,SOCIEDAD DE ECONOMIA MIXTA ALUMBRADO PUBLICO DE PITALITO S.A.S E.S.P,COMERCIALIZACIÓN,2021-05-28,OPERACION,2026-08-20
Sistema,CRQG,CARUQUIA SAS ESP,GENERACIÓN,2021-05-27,INACTIVO,2026-08-20
Sistema,TENC,TRANSACCIONES ENERGÉTICAS S.A.S. EMPRESA DE SERVICIOS PÚBLICOS E.S.P,COMERCIALIZACIÓN,2021-05-21,OPERACION,2026-08-20
Sistema,CERC,CEE ENERGY SAS ESP,COMERCIALIZACIÓN,2021-05-11,OPERACION,2026-08-20
Sistema,VITC,VITOL ENERGÍA SAS ESP,COMERCIALIZACIÓN,2021-05-06,INACTIVO,2026-08-20
Sistema,LMEC,LUMINA ENERGY S.A.S. E.S.P.,COMERCIALIZACIÓN,2021-04-16,OPERACION,2026-08-20
Sistema,TCBG,TERMO CARIBE S.A.S. E.S.P.,GENERACIÓN,2021-04-07,OPERACION,2026-08-20
Sistema,TSUG,TERMO SOLO 1 SAS ESP,GENERACIÓN,2021-03-31,INACTIVO,2026-08-20
Sistema,ELIC,ENERGIA LIMPIA Y EFICIENTE S.A.S ESP,COMERCIALIZACIÓN,2021-02-26,OPERACION,2026-08-20
Sistema,TSOG,TERMO PUERTO SOLO SAS ESP,GENERACIÓN,2021-02-17,INACTIVO,2026-08-20
Sistema,ENVC,ENERVISA S.A.S E.S.P.,COMERCIALIZACIÓN,2021-02-04,OPERACION,2026-08-20
Sistema,CMMC,CARIBEMAR DE LA COSTA S.A.S. E.S.P.,COMERCIALIZACIÓN,2021-01-13,OPERACION,2026-08-20
Sistema,CHZG,CENTRAL HIDROELÉCTRICA ZEUS SAS ESP,GENERACIÓN,2020-12-28,OPERACION,2026-08-20
Sistema,CVZC,CELLVOZ COLOMBIA SERVICIOS INTEGRALES S.A. E.S.P.,COMERCIALIZACIÓN,2020-12-18,INACTIVO,2026-08-20
Sistema,GNYG,GREENYELLOW COMERCIALIZADORA S.A.S. E.S.P.,GENERACIÓN,2020-12-17,OPERACION,2026-08-20
Sistema,PCEC,PROMOENERCOL COMERCIALIZADORA DE ENERGÍA S.A.S E.S.P,COMERCIALIZACIÓN,2020-12-04,INACTIVO,2026-08-20
Sistema,DARC,EMPRESA DE SERVICIOS PÚBLICOS DOMICILIARIOS DE CARMEN DEL DARIEN S.A E.S.P,COMERCIALIZACIÓN,2020-12-02,INACTIVO,2026-08-20
Sistema,TGEG,TECHNOELITE GREEN ENERGY S.A.S. E.S.P,GENERACIÓN,2020-11-26,OPERACION,2026-08-20
Sistema,UGAC,UNIGAS ENERGY S.A.S. EMPRESA DE SERVICIO PÚBLICO,COMERCIALIZACIÓN,2020-11-26,INACTIVO,2026-08-20
Sistema,EMRC,ELECTRIFICADORA DEL MUNICIPIO DE RIOSUCIO CHOCO S.A. E.S.P.,COMERCIALIZACIÓN,2020-11-24,OPERACION,2026-08-20
Sistema,HDTG,HIDROTOLIMA S.A. E.S.P.,GENERACIÓN,2020-11-24,OPERACION,2026-08-20
Sistema,HDTC,HIDROTOLIMA S.A.S. E.S.P.,COMERCIALIZACIÓN,2020-11-24,INACTIVO,2026-08-20
Sistema,TGEC,TECHNOELITE GREEN ENERGY S.A.S. E.S.P,COMERCIALIZACIÓN,2020-11-04,OPERACION,2026-08-20
Sistema,GAPC,GAP ENERGY GROUP SAS ESP,COMERCIALIZACIÓN,2020-11-04,OPERACION,2026-08-20
Sistema,EXIC,ENERXIA COLOMBIA SAS ESP,COMERCIALIZACIÓN,2020-10-21,OPERACION,2026-08-20
Sistema,IAEC,IA ENERGÍA Y GESTIÓN S.A.S. E.S.P.,COMERCIALIZACIÓN,2020-10-20,OPERACION,2026-08-20
Sistema,CSSC,AIR- E S.A.S. E.S.P.,COMERCIALIZACIÓN,2020-10-13,OPERACION,2026-08-20
Sistema,CSSD,AIR- E S.A.S. E.S.P.,DISTRIBUCIÓN,2020-10-13,OPERACION,2026-08-20
Sistema,EGPG,ENEL GREEN POWER COLOMBIA S.A.S. E.S.P.,GENERACIÓN,2020-10-01,INACTIVO,2026-08-20
Sistema,GRNG,GENERADORA RIO NEGRO S.A.S. E.S.P.,GENERACIÓN,2020-09-25,INACTIVO,2026-08-20
Sistema,GCEG,GENERADORA COLOMBIANA DE ELECTRICIDAD S.A. E.S.P.,GENERACIÓN,2020-09-18,INACTIVO,2026-08-20
Sistema,PCYG,P.CH EL COCUYO SAS ESP,GENERACIÓN,2020-09-11,OPERACION,2026-08-20
Sistema,DCCC,DISTRIBUIDORA Y COMERCIALIZADORA DE ENERGÍA ELÉCTRICA DE EL CHARCO S.A.S. E.S.P.,COMERCIALIZACIÓN,2020-09-10,INACTIVO,2026-08-20
Sistema,CMMD,CARIBEMAR DE LA COSTA S.A.S. E.S.P.,DISTRIBUCIÓN,2020-09-04,OPERACION,2026-08-20
Sistema,PRIG,PROELECTRICA S.A.S E.S.P.,GENERACIÓN,2020-08-11,OPERACION,2026-08-20
Sistema,GNYC,GREENYELLOW COMERCIALIZADORA S.A.S. E.S.P.,COMERCIALIZACIÓN,2020-08-11,OPERACION,2026-08-20
Sistema,PMGC,PLUS + EMPRESA DE SERVICIOS PUBLICOS DOMICILIARIOS DE GAS S.A.S.,COMERCIALIZACIÓN,2020-07-24,INACTIVO,2026-08-20
Sistema,EDNC,EDN COLOMBIA S.A.S. E.S.P.,COMERCIALIZACIÓN,2020-07-04,INACTIVO,2026-08-20
Sistema,CBYC,CARBOENERGY SAS ESP,COMERCIALIZACIÓN,2020-07-02,OPERACION,2026-08-20
Sistema,EGHC,EMPRESA GENERADORA DE ENERGIA ELECTRICA DEL CHARCO S.A. E.S.P.,COMERCIALIZACIÓN,2020-07-01,INACTIVO,2026-08-20
Sistema,VESG,VOLTAJE EMPRESARIAL S.A.S. E.S.P.,GENERACIÓN,2020-06-08,OPERACION,2026-08-20
Sistema,SEIC,SOLUCIONES ENERGETICAS INTEGRALES DEL PACIFICO S.A.S. E.S.P.,COMERCIALIZACIÓN,2020-05-21,INACTIVO,2026-08-20
Sistema,EGIC,CENTRO DE OPERACIONES ENERGÉTICAS E.S.P. S.A.S.,COMERCIALIZACIÓN,2020-04-23,INACTIVO,2026-08-20
Sistema,GYEC,GAS Y ENERGÍA DE COLOMBIA S.A.S. E.S.P.,COMERCIALIZACIÓN,2020-04-14,INACTIVO,2026-08-20
Sistema,EGTC,ENERGETICOS S.A.S E.S.P.,COMERCIALIZACIÓN,2020-03-10,OPERACION,2026-08-20
Sistema,PRYC,PROENERGY S.A.S.E.S.P.,COMERCIALIZACIÓN,2020-02-26,OPERACION,2026-08-20
Sistema,XTEC,XT ENERGÍA S.A.S. E.S.P.,COMERCIALIZACIÓN,2020-02-25,OPERACION,2026-08-20
Sistema,DEPG,DEPI ENERGY S.A.S. E.S.P.,GENERACIÓN,2020-02-24,OPERACION,2026-08-20
Sistema,ITCT,ISA INTERCOLOMBIA S.A. E.S.P.,TRANSPORTE,2020-01-10,OPERACION,2026-08-20
Sistema,TRFG,TRINA SOLAR GENERADOR COLOMBIA - SAN FELIPE S.A.S. E.S.P.,GENERACIÓN,2020-01-03,OPERACION,2026-08-20
Sistema,TRNG,TRINA SOLAR GENERADOR COLOMBIA - CAMPANO S.A.S. E.S.P.,GENERACIÓN,2020-01-03,OPERACION,2026-08-20
Sistema,TRGG,TRINA SOLAR GENERADOR COLOMBIA - CARTAGO S.A.S. E.S.P.,GENERACIÓN,2020-01-03,OPERACION,2026-08-20
Sistema,LESC,MESSER ENERGY SERVICES SAS ESP,COMERCIALIZACIÓN,2020-01-02,OPERACION,2026-08-20
Sistema,SFEG,SANTA FE ENERGY ZOMAC S.A.S. E.S.P.,GENERACIÓN,2019-12-27,OPERACION,2026-08-20
Sistema,HEMG,HIDROENERGIA DE LA MONTAÑA S.A.S E.S.P,GENERACIÓN,2019-12-27,OPERACION,2026-08-20
Sistema,EPSC,CELSIA COLOMBIA S.A. E.S.P.,COMERCIALIZACIÓN,2019-12-19,OPERACION,2026-08-20
Sistema,EPSD,CELSIA COLOMBIA S.A. E.S.P.,DISTRIBUCIÓN,2019-12-19,OPERACION,2026-08-20
Sistema,EPST,CELSIA COLOMBIA S.A. E.S.P.,TRANSPORTE,2019-12-19,OPERACION,2026-08-20
Sistema,EPSG,CELSIA COLOMBIA S.A. E.S.P.,GENERACIÓN,2019-12-19,OPERACION,2026-08-20
Sistema,VESC,VOLTAJE EMPRESARIAL S.A.S. E.S.P.,COMERCIALIZACIÓN,2019-12-19,OPERACION,2026-08-20
Sistema,NMRC,ENERMAS SAS ESP,COMERCIALIZACIÓN,2019-12-12,OPERACION,2026-08-20
Sistema,NEUC,NEU ENERGY S.A.S E.S.P,COMERCIALIZACIÓN,2019-12-03,OPERACION,2026-08-20
Sistema,ETNC,ENERGY TRANSTIONS S.A.S. E.S.P,COMERCIALIZACIÓN,2019-10-24,INACTIVO,2026-08-20
Sistema,JRDG,JULIA - RD S.A. E.S.P.,GENERACIÓN,2019-10-17,INACTIVO,2026-08-20
Sistema,DDEC,D2 ENERGIA S.A.S. ESP,COMERCIALIZACIÓN,2019-10-11,INACTIVO,2026-08-20
Sistema,SVCG,SVC ESP SAS ZOMAC,GENERACIÓN,2019-09-12,OPERACION,2026-08-20
Sistema,ELCC,EMPRESA COMERCIALIZADORA DE ENERGÍA ELÉCTRICA DE LA COSTA,COMERCIALIZACIÓN,2019-09-05,INACTIVO,2026-08-20
Sistema,ESOD,EMPRESA DE SERVICIOS PÚBLICOS DEL OCCIDENTE COLOMBIANO,DISTRIBUCIÓN,2019-08-05,INACTIVO,2026-08-20
Sistema,BEAC,BEAM ENERGY S.A.S E.S.P.,COMERCIALIZACIÓN,2019-07-15,INACTIVO,2026-08-20
Sistema,PEEG,PROFESIONALES EN ENERGIA S.A. E.S.P.,GENERACIÓN,2019-06-27,INACTIVO,2026-08-20
Sistema,SOUC,SOUL ENERGY SAS ESP,COMERCIALIZACIÓN,2019-06-26,OPERACION,2026-08-20
Sistema,NGPC,EMPRESA DE ENERGIA DE GUAPI S.A. E.S.P.,COMERCIALIZACIÓN,2019-05-29,INACTIVO,2026-08-20
Sistema,EGEG,EMPRESA GENERADORA Y COMERCIALIZADORA DE ENERGIA ELECTRICA DE COLOMBIA S.A. E.S.P.,GENERACIÓN,2019-05-20,OPERACION,2026-08-20
Sistema,EPIC,CELSIA TOLIMA S.A. E.S.P.,COMERCIALIZACIÓN,2019-05-13,INACTIVO,2026-08-20
Sistema,EPID,CELSIA TOLIMA S.A. E.S.P.,DISTRIBUCIÓN,2019-05-13,INACTIVO,2026-08-20
Sistema,HBCG,HIDROELECTRICA BARRANCAS SAS ESP,GENERACIÓN,2019-03-18,OPERACION,2026-08-20
Sistema,EONC,EON ENERGY SAS ESP,COMERCIALIZACIÓN,2019-01-31,INACTIVO,2026-08-20
Sistema,EERD,EMPRESA ELECTRICA REGIONAL SAS ESP,DISTRIBUCIÓN,2018-12-11,OPERACION,2026-08-20
Sistema,VICC,EMPRESA DE ENERGÍA ELÉCTRICA DEL DEPARTAMENTO DEL VICHADA,COMERCIALIZACIÓN,2018-12-06,OPERACION,2026-08-20
Sistema,ESOC,EMPRESA DE SERVICIOS PÚBLICOS DEL OCCIDENTE COLOMBIANO,COMERCIALIZACIÓN,2018-11-23,OPERACION,2026-08-20
Sistema,CBNC,COLOMBINA ENERGIA SAS ESP,COMERCIALIZACIÓN,2018-11-19,OPERACION,2026-08-20
Sistema,GALC,GENERADORA ALEJANDRIA S.A.S. E.S.P.,COMERCIALIZACIÓN,2018-11-01,INACTIVO,2026-08-20
Sistema,SFEC,SANTA FE ENERGY ZOMAC S.A.S. E.S.P.,COMERCIALIZACIÓN,2018-10-09,OPERACION,2026-08-20
Sistema,PLSC,PLUSENERGY S.A.S. E.S.P.,COMERCIALIZACIÓN,2018-08-30,OPERACION,2026-08-20
Sistema,QIEC,QI ENERGY S.A.S. E.S.P.,COMERCIALIZACIÓN,2018-08-22,OPERACION,2026-08-20
Sistema,CNGD,CEN ENERGY S.A.S. E.S.P.,DISTRIBUCIÓN,2018-07-18,OPERACION,2026-08-20
Sistema,CHSC,CH SAN MIGUEL S.A.S. E.S.P.,COMERCIALIZACIÓN,2018-07-10,INACTIVO,2026-08-20
Sistema,EGPC,ENEL GREEN POWER COLOMBIA S.A.S. E.S.P.,COMERCIALIZACIÓN,2018-06-27,INACTIVO,2026-08-20
Sistema,ECTC,ECOPETROL ENERGÍA S.A.S. E.S.P.,COMERCIALIZACIÓN,2018-06-25,OPERACION,2026-08-20
Sistema,ABAC,AURES BAJO S.A.S. E.S.P.,COMERCIALIZACIÓN,2018-06-13,OPERACION,2026-08-20
Sistema,GPEC,EMPRESA DE GENERACION Y PROMOCION DE ENERGIA DE ANTIOQUIA S.A. E.S.P.,COMERCIALIZACIÓN,2018-06-05,OPERACION,2026-08-20
Sistema,ABAG,AURES BAJO S.A.S. E.S.P.,GENERACIÓN,2018-05-18,OPERACION,2026-08-20
Sistema,EEBD,GRUPO ENERGIA BOGOTA SA ESP,DISTRIBUCIÓN,2018-04-06,OPERACION,2026-08-20
Sistema,EEBT,GRUPO ENERGIA BOGOTA SA ESP,TRANSPORTE,2018-04-06,OPERACION,2026-08-20
Sistema,JRDC,JULIA - RD S.A. E.S.P.,COMERCIALIZACIÓN,2018-03-15,OPERACION,2026-08-20
Sistema,ECGC,EMPRESA PRESTADORA DE SERVICIOS ECO LOGICA  S.A.S E.S.P.,COMERCIALIZACIÓN,2018-02-07,INACTIVO,2026-08-20
Sistema,GCYG,GENERADORA CANTAYÚS S.A.S E.S.P,GENERACIÓN,2017-11-10,OPERACION,2026-08-20
Sistema,GDEG,GENERACIÓN DE ENERGÍA S.A.S. E.S.P.,GENERACIÓN,2017-07-26,INACTIVO,2026-08-20
Sistema,LCSG,LA CASCADA S.A.S. E.S.P.,GENERACIÓN,2017-07-19,INACTIVO,2026-08-20
Sistema,GPEG,EMPRESA DE GENERACION Y PROMOCION DE ENERGIA DE ANTIOQUIA S.A. E.S.P.,GENERACIÓN,2017-06-16,OPERACION,2026-08-20
Sistema,RPEC,RIOPAILA ENERGÍA S.A.S. E.S.P.,COMERCIALIZACIÓN,2017-05-25,OPERACION,2026-08-20
Sistema,RPEG,RIOPAILA ENERGÍA S.A.S. E.S.P.,GENERACIÓN,2017-05-25,OPERACION,2026-08-20
Sistema,SOEC,SOUTH32 ENERGY S.A.S E.S.P,COMERCIALIZACIÓN,2017-04-19,OPERACION,2026-08-20
Sistema,GDCC,GENDECAR S.A E.S.P,COMERCIALIZACIÓN,2017-04-11,INACTIVO,2026-08-20
Sistema,VPIC,VP INGENERGIA S.A. E.S.P.,COMERCIALIZACIÓN,2017-03-09,INACTIVO,2026-08-20
Sistema,AESC,AGENTE EXPERTO EN SERVICIOS PÚBLICOS S.A.S E.S.P,COMERCIALIZACIÓN,2017-03-06,OPERACION,2026-08-20
Sistema,MJCC,MARERSA JEK COLOMBIA SAS ESP,COMERCIALIZACIÓN,2017-02-01,INACTIVO,2026-08-20
Sistema,TMNG,TERMONORTE S.A.S. E.S.P.,GENERACIÓN,2017-01-06,OPERACION,2026-08-20
Sistema,TECD,TRANSPORTADORA ELECTRICA DEL CARIBE S.A.S. E.S.P.,DISTRIBUCIÓN,2016-12-20,OPERACION,2026-08-20
Sistema,DEST,DESARROLLO ELÉCTRICO SURIA S.A.S. E.S.P.,TRANSPORTE,2016-12-20,OPERACION,2026-08-20
Sistema,AMZC,AGUAS DE MANIZALES SA ESP,COMERCIALIZACIÓN,2016-11-16,INACTIVO,2026-08-20
Sistema,EDIC,ELECTRIFICADORA DEL CARIBE S.A. E.S.P,COMERCIALIZACIÓN,2016-11-15,OPERACION,2026-08-20
Sistema,EDID,ELECTRIFICADORA DEL CARIBE S.A. E.S.P,DISTRIBUCIÓN,2016-11-15,INACTIVO,2026-08-20
Sistema,CNAD,CONELCA S.A.S. E.S.P.,DISTRIBUCIÓN,2016-08-25,OPERACION,2026-08-20
Sistema,CCGG,CCG ENERGY S.A.S. E.S.P.,GENERACIÓN,2016-08-25,INACTIVO,2026-08-20
Sistema,SMTC,SMARTEN S.A.S. E.S.P.,COMERCIALIZACIÓN,2016-08-24,OPERACION,2026-08-20
Sistema,CTSD,COMPAÑIA ENERGETICA DEL TOLIMA S.A. E.S.P.,DISTRIBUCIÓN,2016-06-14,INACTIVO,2026-08-20
Sistema,CTSC,COMPAÑIA ENERGETICA DEL TOLIMA S.A. E.S.P.,COMERCIALIZACIÓN,2016-06-14,INACTIVO,2026-08-20
Sistema,GALG,GENERADORA ALEJANDRIA S.A.S. E.S.P.,GENERACIÓN,2016-05-19,OPERACION,2026-08-20
Sistema,TRUC,TERMO RUBIALES S.A. E.S.P.,COMERCIALIZACIÓN,2016-04-04,INACTIVO,2026-08-20
Sistema,FREC,FRANCA ENERGIA SA ESP,COMERCIALIZACIÓN,2016-03-31,OPERACION,2026-08-20
Sistema,GLMG,GENERADORA LUZMA S.A. E.S.P.,GENERACIÓN,2016-03-30,INACTIVO,2026-08-20
Sistema,EDNG,EDN COLOMBIA S.A.S. E.S.P.,GENERACIÓN,2016-03-23,OPERACION,2026-08-20
Sistema,CEEG,CENTRAL HIDROELÉCTRICA EL EDÉN S.A.S. E.S.P.,GENERACIÓN,2016-03-15,INACTIVO,2026-08-20
Sistema,INNC,INDUSTRIA DE ENERGÍA COLOMBIANA S.A.S. E.S.P.,COMERCIALIZACIÓN,2016-03-10,INACTIVO,2026-08-20
Sistema,AMPC,AMPERIA S.A. E.S.P.,COMERCIALIZACIÓN,2016-03-08,OPERACION,2026-08-20
Sistema,AXEG,AXIA ENERGIA S.A.S. E.S.P.,GENERACIÓN,2016-02-29,OPERACION,2026-08-20
Sistema,AXEC,AXIA ENERGIA S.A.S. E.S.P.,COMERCIALIZACIÓN,2016-02-29,INACTIVO,2026-08-20
Sistema,TPRT,TUPROJECT S.A.S E.S.P.,TRANSPORTE,2016-02-01,INACTIVO,2026-08-20
Sistema,ACEC,ASELCA COMERCIALIZADORA DE ENERGIA S.A. E.S.P.,COMERCIALIZACIÓN,2015-12-29,INACTIVO,2026-08-20
Sistema,ACEG,ASELCA COMERCIALIZADORA DE ENERGIA S.A. E.S.P.,GENERACIÓN,2015-12-29,INACTIVO,2026-08-20
Sistema,GCMG,GENERCOMERCIAL S.A.S E.S.P,GENERACIÓN,2015-12-17,OPERACION,2026-08-20
Sistema,TPLC,TERPEL ENERGÍA S.A.S. E.S.P.,COMERCIALIZACIÓN,2015-11-27,OPERACION,2026-08-20
Sistema,TCDG,TERMOCANDELARIA S.C.A.- E.S.P.,GENERACIÓN,2015-11-21,INACTIVO,2026-08-20
Sistema,GSAG,GENERSA S.A.S. E.S.P.,GENERACIÓN,2015-10-13,OPERACION,2026-08-20
Sistema,HCCC,CENTRAL HIDROELÉCTRICA CONCORDIA S.A.S. E.S.P.,COMERCIALIZACIÓN,2015-10-05,INACTIVO,2026-08-20
Sistema,HCCG,CENTRAL HIDROELÉCTRICA CONCORDIA S.A.S. E.S.P.,GENERACIÓN,2015-09-16,OPERACION,2026-08-20
Sistema,SAFC,"INVERSIONES, SUMINISTROS  Y SERVICIOS SAFEANA S.A.S. E.S.P.",COMERCIALIZACIÓN,2015-09-07,INACTIVO,2026-08-20
Sistema,ENGG,ENERGETICA S.A. E.S.P.,GENERACIÓN,2015-06-24,OPERACION,2026-08-20
Sistema,GCMC,GENERCOMERCIAL S.A.S E.S.P,COMERCIALIZACIÓN,2015-05-05,INACTIVO,2026-08-20
Sistema,HDPG,HIDROELECTRICA DEL ALTO PORCE S.A.S. E.S.P.,GENERACIÓN,2015-04-20,OPERACION,2026-08-20
Sistema,CMXG,CEMEX ENERGY S.A.S E.S.P.,GENERACIÓN,2014-10-23,OPERACION,2026-08-20
Sistema,CMXC,CEMEX ENERGY S.A.S E.S.P.,COMERCIALIZACIÓN,2014-10-23,OPERACION,2026-08-20
Sistema,SREG,SURENERGY S.A.S. E.S.P.,GENERACIÓN,2014-10-17,INACTIVO,2026-08-20
Sistema,IACG,IAC ENERGY S.A.S. E.S.P.,GENERACIÓN,2014-10-09,OPERACION,2026-08-20
Sistema,HZEG,HZ ENERGY S.A.S. E.S.P.,GENERACIÓN,2014-07-04,OPERACION,2026-08-20
Sistema,ESPC,EMPRESA DE SERVICIOS PUBLICOS DE SANTANDER S.A E.S.P,COMERCIALIZACIÓN,2014-03-26,OPERACION,2026-08-20
Sistema,RQEC,ENERGIA Y AGUA S.A.S. E.S.P.,COMERCIALIZACIÓN,2014-02-05,OPERACION,2026-08-20
Sistema,SCCC,SERVICIOS CONVERGENTES DE COLOMBIA S.A.S. E.S.P.,COMERCIALIZACIÓN,2013-11-19,INACTIVO,2026-08-20
Sistema,ENID,EMPRESA DE ENERGÍA DE ARAUCA E.S.P.,DISTRIBUCIÓN,2013-03-21,OPERACION,2026-08-20
Sistema,ENIC,EMPRESA DE ENERGÍA DE ARAUCA E.S.P.,COMERCIALIZACIÓN,2013-03-21,OPERACION,2026-08-20
Sistema,MCHC,MC2 HIDROMARMATO S.A.S. E.S.P.,COMERCIALIZACIÓN,2013-03-13,INACTIVO,2026-08-20
Sistema,CMPC,MUNICIPIO DE CAMPAMENTO,COMERCIALIZACIÓN,2013-02-01,INACTIVO,2026-08-20
Sistema,RENC,RISARALDA ENERGIA S.A.S. E.S.P.,COMERCIALIZACIÓN,2013-01-25,INACTIVO,2026-08-20
Sistema,GEEC,GENERAMOS ENERGIA S.A. E.S.P.,COMERCIALIZACIÓN,2012-12-03,INACTIVO,2026-08-20
Sistema,ECRC,ENERGÍA CORPORATIVA S.A.S E.S.P,COMERCIALIZACIÓN,2012-08-29,INACTIVO,2026-08-20
Sistema,REDC,RED INK ENERGY E.S.P. S.A.S.,COMERCIALIZACIÓN,2012-05-30,INACTIVO,2026-08-20
Sistema,MCAC,EMPRESA MULTIPROPOSITO DE CALARCA S.A. E.S.P.,COMERCIALIZACIÓN,2012-05-03,INACTIVO,2026-08-20
Sistema,CIVG,CELSIA S.A E.S.P.,GENERACIÓN,2012-04-27,INACTIVO,2026-08-20
Sistema,TYPG,TERMOYOPAL GENERACION 2 S.A.S E.S.P.,GENERACIÓN,2012-02-23,OPERACION,2026-08-20
Sistema,TMRG,CENTRAL TERMOELECTRICA EL MORRO 2 S.A.S. E.S.P.,GENERACIÓN,2012-02-21,INACTIVO,2026-08-20
Sistema,GDIC,GENERADORA COMERCIALIZADORA Y DISTRIBUIDORA DE ENERGIA S.A.S. E.S.P.,COMERCIALIZACIÓN,2012-01-18,INACTIVO,2026-08-20
Sistema,GPLG,GRUPO POLIOBRAS S.A. E.S.P..,GENERACIÓN,2012-01-03,INACTIVO,2026-08-20
Sistema,SMAC,SMART COMERCIALIZADORA DE ENERGIA S.A.S. E.S.P.,COMERCIALIZACIÓN,2011-12-26,INACTIVO,2026-08-20
Sistema,GELG,GRUPO GELEC S.A.S. E.S.P.,GENERACIÓN,2011-12-03,INACTIVO,2026-08-20
Sistema,GELC,GRUPO GELEC S.A.S. E.S.P.,COMERCIALIZACIÓN,2011-12-03,INACTIVO,2026-08-20
Sistema,MPLC,EMPLUS S.A.S. E.S.P,COMERCIALIZACIÓN,2011-11-08,INACTIVO,2026-08-20
Sistema,EITG,EPM ITUANGO S.A. E.S.P.,GENERACIÓN,2011-09-02,INACTIVO,2026-08-20
Sistema,HITG,HIDROELÉCTRICA ITUANGO S.A. E.S.P.,GENERACIÓN,2011-09-02,INACTIVO,2026-08-20
Sistema,FERC,FUENTES DE ENERGIAS RENOVABLES S.A.S. E.S.P.,COMERCIALIZACIÓN,2011-03-22,OPERACION,2026-08-20
Sistema,GEEG,GENERAMOS ENERGIA S.A. E.S.P.,GENERACIÓN,2010-11-23,OPERACION,2026-08-20
Sistema,GNCC,VATIA S.A. E.S.P.,COMERCIALIZACIÓN,2010-11-12,OPERACION,2026-08-20
Sistema,GNCG,VATIA S.A. E.S.P.,GENERACIÓN,2010-11-12,OPERACION,2026-08-20
Sistema,HZEC,HZ ENERGY S.A.S. E.S.P.,COMERCIALIZACIÓN,2010-11-10,OPERACION,2026-08-20
Sistema,FACC,ENERMONT S.A. E.S.P.,COMERCIALIZACIÓN,2010-08-13,INACTIVO,2026-08-20
Sistema,FACG,ENERMONT S.A. E.S.P.,GENERACIÓN,2010-08-13,INACTIVO,2026-08-20
Sistema,PEEC,PROFESIONALES EN ENERGIA S.A. E.S.P.,COMERCIALIZACIÓN,2010-03-04,OPERACION,2026-08-20
Sistema,EFEC,E2 ENERGIA EFICIENTE S.A. E.S.P.,COMERCIALIZACIÓN,2009-12-01,INACTIVO,2026-08-20
Sistema,COLC,COLENERGIA S.A. E.S.P.,COMERCIALIZACIÓN,2009-08-26,OPERACION,2026-08-20
Sistema,FICC,FICEA S.A. E.S.P.,COMERCIALIZACIÓN,2009-07-17,INACTIVO,2026-08-20
Sistema,DLRG,DICELER S.A. E.S.P.,GENERACIÓN,2009-05-13,OPERACION,2026-08-20
Sistema,CEUD,COMPANIA DE ELECTRICIDAD DEL CAUCA S.A. E.S.P. DISTRIBUIDOR,DISTRIBUCIÓN,2009-01-08,INACTIVO,2026-08-20
Sistema,CEUC,COMPANIA DE ELECTRICIDAD DEL CAUCA S.A. E.S.P.,COMERCIALIZACIÓN,2009-01-08,INACTIVO,2026-08-20
Sistema,EJCC,ENERGIA DEL EJE CAFETERO S.A. E.S.P.,COMERCIALIZACIÓN,2008-12-01,INACTIVO,2026-08-20
Sistema,ATSC,ATESA SERVICIOS AEROPORTUARIOS S.A. E.S.P,COMERCIALIZACIÓN,2008-09-03,INACTIVO,2026-08-20
Sistema,EMPD,EMPRESA MUNICIPAL DE SERVICIOS PUBLICOS DEL MUNICIPIO DE CARTAGENA DEL CHAIRA,DISTRIBUCIÓN,2008-09-01,INACTIVO,2026-08-20
Sistema,EVIG,ENERVIA S.A. E.S.P.,GENERACIÓN,2007-09-12,INACTIVO,2026-08-20
Sistema,PRMC,PROMIELECTRIC S.A. E.S.P.,COMERCIALIZACIÓN,2007-06-07,INACTIVO,2026-08-20
Sistema,CTMG,CENTRAL TERMOELECTRICA EL MORRO 1 S.A. E.S.P.,GENERACIÓN,2007-04-25,INACTIVO,2026-08-20
Sistema,GECC,GENERADORA Y COMERCIALIZADORA DE ENERGIA DEL CARIBE S.A. E.S.P.,COMERCIALIZACIÓN,2006-12-05,OPERACION,2026-08-20
Sistema,GECG,GENERADORA Y COMERCIALIZADORA DE ENERGIA DEL CARIBE S.A. E.S.P.,GENERACIÓN,2006-12-05,OPERACION,2026-08-20
Sistema,SNGC,SENERGY S.A. E.S.P.,COMERCIALIZACIÓN,2006-11-24,INACTIVO,2026-08-20
Sistema,ETAD,"ENERGIA, TELECOMUNICACIONES, ASEO Y ACUEDUCTO S.A. E.S.P.",DISTRIBUCIÓN,2006-08-01,INACTIVO,2026-08-20
Sistema,ETAC,"ENERGIA, TELECOMUNICACIONES, ASEO Y ACUEDUCTO S.A. E.S.P.",COMERCIALIZACIÓN,2006-08-01,INACTIVO,2026-08-20
Sistema,EDMC,ELECTRICARIBE MIPYMES DE ENERGIA S.A. E.S.P.,COMERCIALIZACIÓN,2006-07-16,INACTIVO,2026-08-20
Sistema,ECMC,ELECTROCOSTA MIPYMES DE ENERGIA S.A. E.S.P.,COMERCIALIZACIÓN,2006-07-12,INACTIVO,2026-08-20
Sistema,IEEC,INSTITUTO COLOMBIANO DE ENERGIA ELECTRICA,COMERCIALIZACIÓN,2005-12-20,INACTIVO,2026-08-20
Sistema,EVIC,ENERVIA S.A. E.S.P.,COMERCIALIZACIÓN,2005-12-15,INACTIVO,2026-08-20
Sistema,CTMC,CENTRAL TERMOELECTRICA EL MORRO 1 S.A. E.S.P.,COMERCIALIZACIÓN,2005-12-05,INACTIVO,2026-08-20
Sistema,ARMC,ASOCIADOS DE RECURSOS MERCANTILES S.A. E.S.P.,COMERCIALIZACIÓN,2005-11-04,INACTIVO,2026-08-20
Sistema,GNIG,GENERAR S.A. E.S.P.  (REESTRUCTURADO),GENERACIÓN,2005-10-29,INACTIVO,2026-08-20
Sistema,NEGC,NUEVAS ENERGIAS S.A. E.S.P.,COMERCIALIZACIÓN,2005-10-20,INACTIVO,2026-08-20
Sistema,CCOC,ENERGIA EMPRESARIAL DE LA COSTA S.A. E.S.P.,COMERCIALIZACIÓN,2005-10-11,INACTIVO,2026-08-20
Sistema,CENC,COMERCIALIZADORA ENERGETICA NACIONAL COLOMBIANA - CENCOL S.A. E.S.P.,COMERCIALIZACIÓN,2004-12-23,INACTIVO,2026-08-20
Sistema,CONC,COMERCIALIZADORA DE ENERGIA DEL CENTRO S.A. E.S.P.,COMERCIALIZACIÓN,2004-12-06,INACTIVO,2026-08-20
Sistema,EEGD,EMPRESA DE ENERGIA VALLE DEL GUAMUEZ S.A. E.S.P.,DISTRIBUCIÓN,2004-08-12,INACTIVO,2026-08-20
Sistema,HIMC,GESTION ENERGETICA S.A. E.S.P.,COMERCIALIZACIÓN,2004-04-07,OPERACION,2026-08-20
Sistema,HIMG,GESTION ENERGETICA S.A. E.S.P.,GENERACIÓN,2004-04-07,OPERACION,2026-08-20
Sistema,ESCC,ENERGIA SOCIAL DE LA COSTA S.A. E.S.P.,COMERCIALIZACIÓN,2003-12-02,INACTIVO,2026-08-20
Sistema,TYPC,TERMOYOPAL GENERACION 2 S.A. E.S.P.,COMERCIALIZACIÓN,2003-11-09,INACTIVO,2026-08-20
Sistema,CDCC,COMERCIALIZADORA ELECTRICA DE COLOMBIA S.A. E.S.P.,COMERCIALIZACIÓN,2003-09-23,INACTIVO,2026-08-20
Sistema,TLLD,ELECTRIFICADORA DEL TOLIMA S.A. E.S.P.  (LIQUIDACIÓN),DISTRIBUCIÓN,2003-08-13,INACTIVO,2026-08-20
Sistema,TLLG,ELECTRIFICADORA DEL TOLIMA S.A. E.S.P.  (LIQUIDACIÓN),GENERACIÓN,2003-08-13,INACTIVO,2026-08-20
Sistema,TLLC,ELECTRIFICADORA DEL TOLIMA S.A. E.S.P.  (LIQUIDACIÓN),COMERCIALIZACIÓN,2003-08-13,INACTIVO,2026-08-20
Sistema,ETSC,EMPRESA GENERADORA DE ENERGIA DEL TOLIMA S.A. E.S.P.,COMERCIALIZACIÓN,2003-08-05,INACTIVO,2026-08-20
Sistema,ETSG,EMPRESA GENERADORA DE ENERGIA DEL TOLIMA S.A. E.S.P.,GENERACIÓN,2003-08-05,INACTIVO,2026-08-20
Sistema,EMSG,ELECTRIFICADORA DEL META S.A. E.S.P.,GENERACIÓN,2003-06-11,OPERACION,2026-08-20
Sistema,TMFC,TERMOFLORES S.A. E.S.P.,COMERCIALIZACIÓN,2003-04-16,INACTIVO,2026-08-20
Sistema,ASCC,A.S.C. INGENIERIA S.A. E.S.P.,COMERCIALIZACIÓN,2003-03-14,OPERACION,2026-08-20
Sistema,IRIG,INGENIO RISARALDA S.A.,GENERACIÓN,2003-02-28,INACTIVO,2026-08-20
Sistema,MCAG,EMPRESA MULTIPROPOSITO DE CALARCA S.A. E.S.P.,GENERACIÓN,2003-01-03,OPERACION,2026-08-20
Sistema,ADGG,ANDINA DE GENERACION S.A. E.S.P.,GENERACIÓN,2002-11-15,INACTIVO,2026-08-20
Sistema,ADGC,ANDINA DE GENERACION S.A. E.S.P.,COMERCIALIZACIÓN,2002-11-15,INACTIVO,2026-08-20
Sistema,CALC,EMPRESAS PUBLICAS DE CALARCA E.S.P.,COMERCIALIZACIÓN,2002-11-09,INACTIVO,2026-08-20
Sistema,ESRC,ENERGIA Y SERVICIOS S.A. E.S.P.,COMERCIALIZACIÓN,2002-10-11,INACTIVO,2026-08-20
Sistema,PRIC,PROELECTRICA S.A.S E.S.P.,COMERCIALIZACIÓN,2002-10-09,OPERACION,2026-08-20
Sistema,PRID,PROELECTRICA & CIA. S.C.A. E.S.P,DISTRIBUCIÓN,2002-10-09,INACTIVO,2026-08-20
Sistema,EGVC,EMPRESA DE ENERGIA ELECTRICA DEL DEPARTAMENTO DEL GUAVIARE S.A. E.S.P.,COMERCIALIZACIÓN,2002-08-31,OPERACION,2026-08-20
Sistema,EGVD,EMPRESA DE ENERGIA ELECTRICA DEL DEPARTAMENTO DEL GUAVIARE S.A. E.S.P.,DISTRIBUCIÓN,2002-08-31,OPERACION,2026-08-20
Sistema,CEGC,COMERCIALIZADORA DE ENERGIA Y GAS COMBUSTIBLE S.A. E.S.P.  (LIQUIDACIÓN),COMERCIALIZACIÓN,2002-08-06,INACTIVO,2026-08-20
Sistema,EDPC,EMPRESA DISTRIBUIDORA DEL PACIFICO S.A. E.S.P.,COMERCIALIZACIÓN,2002-07-26,OPERACION,2026-08-20
Sistema,GLCG,GAS Y ELECTRICIDAD S.A. E.S.P. GELECSA E.S.P.,GENERACIÓN,2002-06-18,INACTIVO,2026-08-20
Sistema,CDID,CENTRALES ELECTRICAS DEL CAUCA S.A. E.S.P.  (INTERVENIDA),DISTRIBUCIÓN,2002-06-01,OPERACION,2026-08-20
Sistema,CDIG,CENTRALES ELECTRICAS DEL CAUCA S.A. E.S.P.  (INTERVENIDA),GENERACIÓN,2002-06-01,OPERACION,2026-08-20
Sistema,CDIC,CENTRALES ELECTRICAS DEL CAUCA S.A. E.S.P.  (INTERVENIDA),COMERCIALIZACIÓN,2002-06-01,OPERACION,2026-08-20
Sistema,EPAG,EMPRESAS PUBLICAS DE ARMENIA E.S.P.,GENERACIÓN,2002-03-08,INACTIVO,2026-08-20
Sistema,EPAC,EMPRESAS PUBLICAS DE ARMENIA E.S.P.,COMERCIALIZACIÓN,2002-03-08,INACTIVO,2026-08-20
Sistema,TSCC,BP EXPLORATION COMPANY COLOMBIA LIMITED,COMERCIALIZACIÓN,2002-02-22,INACTIVO,2026-08-20
Sistema,TSCG,BP EXPLORATION COMPANY COLOMBIA LIMITED,GENERACIÓN,2002-02-22,INACTIVO,2026-08-20
Sistema,EEGC,EMPRESA DE ENERGIA VALLE DEL GUAMUEZ S.A. E.S.P.,COMERCIALIZACIÓN,2002-02-19,INACTIVO,2026-08-20
Sistema,TRIG,TERMOCARTAGENA S.A. E.S.P.  (REESTRUCTURADO),GENERACIÓN,2002-01-25,OPERACION,2026-08-20
Sistema,TLIC,ELECTRIFICADORA DEL TOLIMA S.A. E.S.P.  (INTERVENIDA),COMERCIALIZACIÓN,2002-01-18,INACTIVO,2026-08-20
Sistema,TLID,ELECTRIFICADORA DEL TOLIMA S.A. E.S.P.  (INTERVENIDA),DISTRIBUCIÓN,2002-01-18,INACTIVO,2026-08-20
Sistema,TLIG,ELECTRIFICADORA DEL TOLIMA S.A. E.S.P.  (INTERVENIDA),GENERACIÓN,2002-01-18,INACTIVO,2026-08-20
Sistema,GENC,GENELEC S.A. E.S.P.,COMERCIALIZACIÓN,2001-12-11,INACTIVO,2026-08-20
Sistema,GENG,GENELEC S.A. E.S.P.,GENERACIÓN,2001-12-11,INACTIVO,2026-08-20
Sistema,ERGG,ENERGIA E INGENIERIA ENERGING S.A. E.S.P.,GENERACIÓN,2001-08-10,INACTIVO,2026-08-20
Sistema,EYFC,ENERGIA Y FINANZAS S.A. E.S.P.,COMERCIALIZACIÓN,2001-08-09,INACTIVO,2026-08-20
Sistema,EYFG,ENERGIA Y FINANZAS S.A. E.S.P.,GENERACIÓN,2001-08-09,INACTIVO,2026-08-20
Sistema,TREC,TRANSACCIONES DE ENERGIA S.A. E.S.P.,COMERCIALIZACIÓN,2001-05-30,INACTIVO,2026-08-20
Sistema,ECOC,ENERGIA DE COLOMBIA S.A. E.S.P.,COMERCIALIZACIÓN,2000-12-22,INACTIVO,2026-08-20
Sistema,CELC,COMERCIALIZADORA DE ELECTRICIDAD DEL CHOCO S.A. E.S.P.,COMERCIALIZACIÓN,2000-12-04,INACTIVO,2026-08-20
Sistema,EMED,EMPRESA MUNICIPAL DE ENERGIA ELECTRICA S.A. E.S.P.,DISTRIBUCIÓN,2000-10-07,OPERACION,2026-08-20
Sistema,EVSD,EMPRESA DE ENERGIA DEL VALLE DE SIBUNDOY S.A. E.S.P.,DISTRIBUCIÓN,2000-10-06,OPERACION,2026-08-20
Sistema,RTQD,RUITOQUE S.A. E.S.P.,DISTRIBUCIÓN,2000-10-06,OPERACION,2026-08-20
Sistema,EPCD,EMPRESAS PUBLICAS DE CARTAGO,DISTRIBUCIÓN,2000-10-06,INACTIVO,2026-08-20
Sistema,RIOC,ENERGIA DEL RIO GRANDE S.A. E.S.P.,COMERCIALIZACIÓN,2000-07-11,INACTIVO,2026-08-20
Sistema,CSEC,CONSORCIO ENERGETICO S.A. E.S.P.,COMERCIALIZACIÓN,2000-06-13,INACTIVO,2026-08-20
Sistema,EBPD,EMPRESA DE ENERGIA DEL BAJO PUTUMAYO S.A. E.S.P.,DISTRIBUCIÓN,2000-06-06,OPERACION,2026-08-20
Sistema,CCIC,EMPRESAS PUBLICAS DE CAUCASIA E.S.P.  (INTERVENIDO),COMERCIALIZACIÓN,2000-05-27,INACTIVO,2026-08-20
Sistema,CCID,EMPRESAS PUBLICAS  DE CAUCASIA S.A. E.S.P.R(INTERVENIDA),DISTRIBUCIÓN,2000-05-27,INACTIVO,2026-08-20
Sistema,PSPC,EMPRESAS PUBLICAS DE SAN PEDRO E.S.P.,COMERCIALIZACIÓN,2000-05-18,INACTIVO,2026-08-20
Sistema,COEC,COMPAÑIA COMERCIALIZADORA DE ENERGIA DEL CAUCA S.A. E.S.P.,COMERCIALIZACIÓN,2000-05-11,INACTIVO,2026-08-20
Sistema,EMIC,EMPRESAS MUNICIPALES DE CALI E.I.C.E. E.S.P.,COMERCIALIZACIÓN,2000-04-05,OPERACION,2026-08-20
Sistema,EMID,EMPRESAS MUNICIPALES DE CALI E.I.C.E. E.S.P.,DISTRIBUCIÓN,2000-04-05,OPERACION,2026-08-20
Sistema,EMIG,EMPRESAS MUNICIPALES DE CALI E.I.C.E. E.S.P.,GENERACIÓN,2000-04-05,OPERACION,2026-08-20
Sistema,NRSC,COMERCIALIZADORA DE ENERGIA Y SERVICIOS PUBLICOS S.A. E.S.P.,COMERCIALIZACIÓN,2000-02-08,INACTIVO,2026-08-20
Sistema,ECPC,ENRON COLOMBIA POWER MARKETING & CIA S.A. E.S.P.,COMERCIALIZACIÓN,2000-02-08,INACTIVO,2026-08-20
Sistema,ECPG,ENRON COLOMBIA POWER MARKETING & CIA S.A. E.S.P.,GENERACIÓN,2000-02-08,INACTIVO,2026-08-20
Sistema,RTQC,RUITOQUE S.A. E.S.P.,COMERCIALIZACIÓN,2000-01-25,OPERACION,2026-08-20
Sistema,TEBC,TURBOMACH ENERGIA BIOFILM S.A. E.S.P.,COMERCIALIZACIÓN,2000-01-01,INACTIVO,2026-08-20
Sistema,EBPC,EMPRESA DE ENERGIA DEL BAJO PUTUMAYO S.A. E.S.P.,COMERCIALIZACIÓN,1999-11-06,OPERACION,2026-08-20
Sistema,ENPG,ENERGIA Y ALUMBRADO DE PEREIRA S.A. E.S.P.,GENERACIÓN,1999-09-30,INACTIVO,2026-08-20
Sistema,ENPC,ENERGIA Y ALUMBRADO DE PEREIRA S.A. E.S.P.,COMERCIALIZACIÓN,1999-09-30,INACTIVO,2026-08-20
Sistema,EMEC,EMPRESA MUNICIPAL DE ENERGIA ELECTRICA S.A. E.S.P.,COMERCIALIZACIÓN,1999-09-22,OPERACION,2026-08-20
Sistema,EMEG,EMPRESA MUNICIPAL DE ENERGIA ELECTRICA S.A. E.S.P.,GENERACIÓN,1999-09-22,OPERACION,2026-08-20
Sistema,CMRC,COMERCIALIZAR S.A. E.S.P.,COMERCIALIZACIÓN,1999-09-16,INACTIVO,2026-08-20
Sistema,ERGC,ENERGIA E INGENIERIA ENERGING S.A. E.S.P.,COMERCIALIZACIÓN,1999-07-26,INACTIVO,2026-08-20
Sistema,TRPC,TERMOPIEDRAS S.A. E.S.P.,COMERCIALIZACIÓN,1999-07-14,OPERACION,2026-08-20
Sistema,TRPG,TERMOPIEDRAS S.A. E.S.P.,GENERACIÓN,1999-07-14,OPERACION,2026-08-20
Sistema,GCEC,GENERADORA COLOMBIANA DE ELECTRICIDAD S.C.A.  E.S.P.,COMERCIALIZACIÓN,1999-07-01,INACTIVO,2026-08-20
Sistema,TCDC,TERMOCANDELARIA S.C.A.  E.S.P.,COMERCIALIZACIÓN,1999-06-03,INACTIVO,2026-08-20
Sistema,TMCG,TERMOCAUCA S.A.  E.S.P.,GENERACIÓN,1999-05-25,INACTIVO,2026-08-20
Sistema,TMCC,TERMOCAUCA S.A. E.S.P.,COMERCIALIZACIÓN,1999-05-25,INACTIVO,2026-08-20
Sistema,ELRC,ENERGIA Y ALUMBRADO S.A.  E.S.P.,COMERCIALIZACIÓN,1999-04-19,INACTIVO,2026-08-20
Sistema,GNRG,GENERAR S.A. E.S.P.,GENERACIÓN,1999-04-01,INACTIVO,2026-08-20
Sistema,ENEC,ENERGEN S.A. E.S.P.,COMERCIALIZACIÓN,1999-02-26,INACTIVO,2026-08-20
Sistema,CECC,COMERCIALIZADORA DE ENERGIA DE LA COSTA ATLANTICA,COMERCIALIZACIÓN,1998-12-22,INACTIVO,2026-08-20
Sistema,DLRC,DICELER S.A. E.S.P.,COMERCIALIZACIÓN,1998-12-12,OPERACION,2026-08-20
Sistema,ICEC,INVERSIONES Y COMERCIALIZADORA DE ENERGIA S.A. E.S.P.,COMERCIALIZACIÓN,1998-12-02,INACTIVO,2026-08-20
Sistema,TRST,TRANSELCA S.A. E.S.P.,TRANSPORTE,1998-09-01,OPERACION,2026-08-20
Sistema,BIOG,BIOAISE S.A.,GENERACIÓN,1998-07-29,INACTIVO,2026-08-20
Sistema,EDCD,ELECTRIFICADORA DEL CARIBE S.A. E.S.P.,DISTRIBUCIÓN,1998-07-24,OPERACION,2026-08-20
Sistema,ECAC,ELECTRIFICADORA DE LA COSTA ATLANTICA S.A. E.S.P.,COMERCIALIZACIÓN,1998-07-24,INACTIVO,2026-08-20
Sistema,ECAD,ELECTRIFICADORA DE LA COSTA ATLANTICA S.A. E.S.P.,DISTRIBUCIÓN,1998-07-24,INACTIVO,2026-08-20
Sistema,EDCC,ELECTRIFICADORA DEL CARIBE S.A. E.S.P.,COMERCIALIZACIÓN,1998-07-24,INACTIVO,2026-08-20
Sistema,CEAC,COMERCIALIZADORA DE ENERGIA Y AGUA S.A. E.S.P.,COMERCIALIZACIÓN,1998-07-18,INACTIVO,2026-08-20
Sistema,ENCC,ENERGIA CONFIABLE S.A. E.S.P.,COMERCIALIZACIÓN,1998-01-23,INACTIVO,2026-08-20
Sistema,ENMC,ENERMUNDO S.A. E.S.P,COMERCIALIZACIÓN,1997-12-29,INACTIVO,2026-08-20
Sistema,ROEC,R.O.A. ELECTRIC LTDA.,COMERCIALIZACIÓN,1997-12-29,INACTIVO,2026-08-20
Sistema,PECC,PROYECTOS ENERGETICOS DEL CAUCA S.A. E.S.P.,COMERCIALIZACIÓN,1997-12-26,OPERACION,2026-08-20
Sistema,PECG,PROYECTOS ENERGETICOS DEL CAUCA S.A. E.S.P.,GENERACIÓN,1997-12-26,OPERACION,2026-08-20
Sistema,TRDC,TERMOELECTRICA DE LA DORADA S.A. E.S.P.,COMERCIALIZACIÓN,1997-11-24,INACTIVO,2026-08-20
Sistema,EGCC,EMPRESA DE GENERACION DE CALI S.A. E.S.P.,COMERCIALIZACIÓN,1997-11-20,INACTIVO,2026-08-20
Sistema,EGCG,EMPRESA DE GENERACION DE CALI S.A. E.S.P.,GENERACIÓN,1997-11-20,INACTIVO,2026-08-20
Sistema,ECEC,EMPRESA COLOMBIANA DE ENERGIA S.A. E.S.P.,COMERCIALIZACIÓN,1997-11-05,INACTIVO,2026-08-20
Sistema,CDSD,CODENSA S.A. E.S.P.,DISTRIBUCIÓN,1997-10-24,INACTIVO,2026-08-20
Sistema,CDSC,CODENSA S.A. E.S.P.,COMERCIALIZACIÓN,1997-10-24,INACTIVO,2026-08-20
Sistema,EEPC,EMPRESA DE ENERGIA DE PEREIRA S.A. E.S.P.,COMERCIALIZACIÓN,1997-09-16,OPERACION,2026-08-20
Sistema,TMVC,TERMOVALLE S.C.A. E.S.P.,COMERCIALIZACIÓN,1997-09-03,INACTIVO,2026-08-20
Sistema,CAEC,COMERCIALIZADORA  ANDINA DE ENERGIA S.A. E.S.P.,COMERCIALIZACIÓN,1997-09-01,INACTIVO,2026-08-20
Sistema,EPTC,EMPRESA DE ENERGIA DEL PUTUMAYO S.A. E.S.P.,COMERCIALIZACIÓN,1997-08-21,OPERACION,2026-08-20
Sistema,EPTD,EMPRESA DE ENERGIA DEL PUTUMAYO S.A. E.S.P.,DISTRIBUCIÓN,1997-08-21,OPERACION,2026-08-20
Sistema,CMEC,COMPAÑIA NACIONAL DE ENERGIA S.A. E.S.P.,COMERCIALIZACIÓN,1997-08-06,INACTIVO,2026-08-20
Sistema,CMED,COMPAÑIA NACIONAL DE ENERGIA S.A. E.S.P.,DISTRIBUCIÓN,1997-08-06,INACTIVO,2026-08-20
Sistema,CMEG,COMPAÑIA NACIONAL DE ENERGIA S.A. E.S.P.,GENERACIÓN,1997-08-06,INACTIVO,2026-08-20
Sistema,MPBC,MOTO PLANTAS BRISTOL LTDA.,COMERCIALIZACIÓN,1997-08-04,INACTIVO,2026-08-20
Sistema,MPBG,MOTO PLANTAS BRISTOL LTDA.,GENERACIÓN,1997-08-04,INACTIVO,2026-08-20
Sistema,NRGD,ENERGIZAR DE OCCIDENTE S.A. E.S.P.,DISTRIBUCIÓN,1997-08-01,INACTIVO,2026-08-20
Sistema,CESC,COMERCIALIZADORA ELECTRICA DEL SINU S.A.,COMERCIALIZACIÓN,1997-07-24,INACTIVO,2026-08-20
Sistema,TGCC,TERMOGRAFIA DE LA COSTA LTDA,COMERCIALIZACIÓN,1997-07-15,INACTIVO,2026-08-20
Sistema,TGCD,TERMOGRAFIA DE LA COSTA LTDA,DISTRIBUCIÓN,1997-07-15,INACTIVO,2026-08-20
Sistema,ELEG,ELECTROENERGIA S.A.,GENERACIÓN,1997-07-03,INACTIVO,2026-08-20
Sistema,DCLD,DISTRIBUIDORA Y COMERCIALIZADORA  DE ENERGIA ELECTRICA S.A. E.S.P.,DISTRIBUCIÓN,1997-06-24,INACTIVO,2026-08-20
Sistema,ENGC,ENERGETICA S.A. E.S.P.,COMERCIALIZACIÓN,1997-06-20,INACTIVO,2026-08-20
Sistema,NRGC,ENERGIZAR DE OCCIDENTE S.A.,COMERCIALIZACIÓN,1997-06-01,INACTIVO,2026-08-20
Sistema,EMUG,EMPRESA URRA S.A. E.S.P.,GENERACIÓN,1997-05-15,OPERACION,2026-08-20
Sistema,FLSC,FLORES II S.A. & CIA. S.C.A. E.S.P.,COMERCIALIZACIÓN,1997-05-06,INACTIVO,2026-08-20
Sistema,REAC,REINGENIERIA ENERGETICA ASOCIADOS LTDA.,COMERCIALIZACIÓN,1997-05-02,INACTIVO,2026-08-20
Sistema,DIST,DISTASA S.A. E.S.P.,TRANSPORTE,1997-05-01,OPERACION,2026-08-20
Sistema,ENRC,ENERGIA COMPETITIVA S.A. E.S.P,COMERCIALIZACIÓN,1997-04-21,INACTIVO,2026-08-20
Sistema,ELEC,ELECTROENERGIA S.A.,COMERCIALIZACIÓN,1997-04-15,INACTIVO,2026-08-20
Sistema,EEOC,EMPRESA ELECTRICA DEL ORIENTE S.A. E.S.P.,COMERCIALIZACIÓN,1997-02-25,INACTIVO,2026-08-20
Sistema,TRMC,TERMOTASAJERO S.A. E.S.P.,COMERCIALIZACIÓN,1997-02-21,INACTIVO,2026-08-20
Sistema,ECCC,ENERSIS ENERGIA DE COLOMBIA S.A. E.S.P.  (LIQUIDACIÓN),COMERCIALIZACIÓN,1997-02-01,INACTIVO,2026-08-20
Sistema,EMCG,EMPRESAS MUNICIPALES DE CALI E.I.C.E. E.S.P.,GENERACIÓN,1997-01-30,INACTIVO,2026-08-20
Sistema,EEPD,EMPRESA DE ENERGIA DE PEREIRA S.A. E.S.P.,DISTRIBUCIÓN,1996-12-01,OPERACION,2026-08-20
Sistema,CNST,CENTRALES ELECTRICAS DEL NORTE DE SANTANDER S.A. E.S.P.,TRANSPORTE,1996-12-01,OPERACION,2026-08-20
Sistema,ECLD,EMPRESA DE ENERGIA DE CALI S.A. E.S.P.,DISTRIBUCIÓN,1996-12-01,INACTIVO,2026-08-20
Sistema,EMUC,EMPRESA URRA S.A. E.S.P.,COMERCIALIZACIÓN,1996-12-01,INACTIVO,2026-08-20
Sistema,CMPD,MUNICIPIO DE CAMPAMENTO,DISTRIBUCIÓN,1996-11-12,INACTIVO,2026-08-20
Sistema,FRSC,FLORES III S.A. & CIA. S.C.A. E.S.P.,COMERCIALIZACIÓN,1996-09-26,INACTIVO,2026-08-20
Sistema,EMCD,EMPRESAS MUNICIPALES DE CALI E.I.C.E. E.S.P.,DISTRIBUCIÓN,1996-09-10,INACTIVO,2026-08-20
Sistema,MRLG,MERILECTRICA S.A. & CIA S.C.A. E.S.P.,GENERACIÓN,1996-08-13,INACTIVO,2026-08-20
Sistema,MRLC,MERILECTRICA S.A. & CIA S.C.A. E.S.P.,COMERCIALIZACIÓN,1996-08-13,INACTIVO,2026-08-20
Sistema,ICAC,I.C. ASESORIAS Y PROYECTOS LTDA.,COMERCIALIZACIÓN,1996-08-08,INACTIVO,2026-08-20
Sistema,EMGC,EMGESA S.A. E.S.P.  (FINALIZADO),COMERCIALIZACIÓN,1996-08-01,INACTIVO,2026-08-20
Sistema,SMRC,SOCIEDAD MARIÑO VILLEGAS S.A. E.S.P.,COMERCIALIZACIÓN,1996-07-23,INACTIVO,2026-08-20
Sistema,CEFC,COMERCIALIZADORA  DE ENERGIA LAS FLORES S.A. E.S.P.,COMERCIALIZACIÓN,1996-07-06,INACTIVO,2026-08-20
Sistema,GNUC,GENERADORA UNION S.A. E.S.P.,COMERCIALIZACIÓN,1996-05-28,INACTIVO,2026-08-20
Sistema,HVAC,HV ASOCIADOS S.A.,COMERCIALIZACIÓN,1996-04-29,INACTIVO,2026-08-20
Sistema,FLSG,FLORES II S.A. & CIA S.C.A. E.S.P.,GENERACIÓN,1996-04-02,INACTIVO,2026-08-20
Sistema,FRSG,FLORES III S.A. & CIA. S.C.A. E.S.P.,GENERACIÓN,1996-04-02,INACTIVO,2026-08-20
Sistema,FLRG,FIDEICOMISO FIDUGAN FLORES II,GENERACIÓN,1996-04-02,INACTIVO,2026-08-20
Sistema,FLRC,FIDEICOMISO FIDUGAN FLORES II,COMERCIALIZACIÓN,1996-04-02,INACTIVO,2026-08-20
Sistema,CNED,CONSORCIO NACIONAL DE ENERGIA S.A. E.S.P.,DISTRIBUCIÓN,1996-02-14,INACTIVO,2026-08-20
Sistema,CNEC,CONSORCIO NACIONAL DE ENERGIA S.A. E.S.P.,COMERCIALIZACIÓN,1996-02-14,INACTIVO,2026-08-20
Sistema,ENTC,MUNICIPIO DE ENTRERRIOS - ANTIOQUIA,COMERCIALIZACIÓN,1996-02-01,INACTIVO,2026-08-20
Sistema,ENTD,MUNICIPIO DE ENTRERRIOS - ANTIOQUIA,DISTRIBUCIÓN,1996-02-01,INACTIVO,2026-08-20
Sistema,CCSC,EMPRESAS PUBLICAS DE CAUCASIA E.S.P.,COMERCIALIZACIÓN,1996-01-10,INACTIVO,2026-08-20
Sistema,CCSD,EMPRESAS PUBLICAS DE CAUCASIA E.S.P.,DISTRIBUCIÓN,1996-01-01,INACTIVO,2026-08-20
Sistema,SNPC,MUNICIPIO DE SAN PEDRO DE LOS MILAGROS (ANT)  (ANT) - COMERCIALIZADOR,COMERCIALIZACIÓN,1996-01-01,INACTIVO,2026-08-20
Sistema,SNPD,MUNICIPIO DE SAN PEDRO DE LOS MILAGROS (ANT)  (ANT) - DISTRIBUIDOR,DISTRIBUCIÓN,1996-01-01,INACTIVO,2026-08-20
Sistema,YRMC,EMPRESAS PUBLICAS DE YARUMAL E.S.P.,COMERCIALIZACIÓN,1996-01-01,INACTIVO,2026-08-20
Sistema,YRMD,EMPRESAS PUBLICAS DE YARUMAL E.S.P.,DISTRIBUCIÓN,1996-01-01,INACTIVO,2026-08-20
Sistema,CRLT,CORPORACION ELECTRICA DE LA COSTA ATLANTICA S.A. E.S.P. TRANSPORTADOR,TRANSPORTE,1995-09-01,INACTIVO,2026-08-20
Sistema,CDNC,CENTRALES ELECTRICAS DE NARIÑO S.A. E.S.P.,COMERCIALIZACIÓN,1995-07-20,OPERACION,2026-08-20
Sistema,CDND,CENTRALES ELECTRICAS DE NARIÑO S.A. E.S.P.,DISTRIBUCIÓN,1995-07-20,OPERACION,2026-08-20
Sistema,CDNG,CENTRALES ELECTRICAS DE NARIÑO S.A. E.S.P.,GENERACIÓN,1995-07-20,OPERACION,2026-08-20
Sistema,CNSC,CENTRALES ELECTRICAS DEL NORTE DE SANTANDER S.A. E.S.P.,COMERCIALIZACIÓN,1995-07-20,OPERACION,2026-08-20
Sistema,CNSD,CENTRALES ELECTRICAS DEL NORTE DE SANTANDER S.A. E.S.P.,DISTRIBUCIÓN,1995-07-20,OPERACION,2026-08-20
Sistema,ESST,ELECTRIFICADORA DE SANTANDER S.A. E.S.P.,TRANSPORTE,1995-07-20,OPERACION,2026-08-20
Sistema,CETC,COMPAÑIA DE ELECTRICIDAD DE TULUA S.A. E.S.P.,COMERCIALIZACIÓN,1995-07-20,OPERACION,2026-08-20
Sistema,CETD,COMPAÑIA DE ELECTRICIDAD DE TULUA S.A. E.S.P.,DISTRIBUCIÓN,1995-07-20,OPERACION,2026-08-20
Sistema,CETG,COMPAÑIA DE ELECTRICIDAD DE TULUA S.A. E.S.P.,GENERACIÓN,1995-07-20,OPERACION,2026-08-20
Sistema,ESSD,ELECTRIFICADORA DE SANTANDER S.A. E.S.P.,DISTRIBUCIÓN,1995-07-20,OPERACION,2026-08-20
Sistema,CQTC,ELECTRIFICADORA DEL CAQUETA S.A. E.S.P.,COMERCIALIZACIÓN,1995-07-20,OPERACION,2026-08-20
Sistema,CQTD,ELECTRIFICADORA DEL CAQUETA S.A. E.S.P.,DISTRIBUCIÓN,1995-07-20,OPERACION,2026-08-20
Sistema,HLAC,ELECTRIFICADORA DEL HUILA S.A. E.S.P.,COMERCIALIZACIÓN,1995-07-20,OPERACION,2026-08-20
Sistema,HLAG,ELECTRIFICADORA DEL HUILA S.A. E.S.P.,GENERACIÓN,1995-07-20,OPERACION,2026-08-20
Sistema,HLAD,ELECTRIFICADORA DEL HUILA S.A. E.S.P.,DISTRIBUCIÓN,1995-07-20,OPERACION,2026-08-20
Sistema,EMSC,ELECTRIFICADORA DEL META S.A. E.S.P.,COMERCIALIZACIÓN,1995-07-20,OPERACION,2026-08-20
Sistema,ISAT,INTERCONEXION ELECTRICA S.A. E.S.P.,TRANSPORTE,1995-07-20,OPERACION,2026-08-20
Sistema,EMSD,ELECTRIFICADORA DEL META S.A. E.S.P.,DISTRIBUCIÓN,1995-07-20,OPERACION,2026-08-20
Sistema,EBSC,EMPRESA DE ENERGIA DE BOYACA S.A. E.S.P.,COMERCIALIZACIÓN,1995-07-20,OPERACION,2026-08-20
Sistema,EBSD,EMPRESA DE ENERGIA DE BOYACA S.A. E.S.P.,DISTRIBUCIÓN,1995-07-20,OPERACION,2026-08-20
Sistema,EBSG,EMPRESA DE ENERGIA DE BOYACA S.A. E.S.P.,GENERACIÓN,1995-07-20,OPERACION,2026-08-20
Sistema,EDQC,EMPRESA DE ENERGIA DEL QUINDIO S.A. E.S.P.,COMERCIALIZACIÓN,1995-07-20,OPERACION,2026-08-20
Sistema,EDQD,EMPRESA DE ENERGIA DEL QUINDIO S.A. E.S.P.,DISTRIBUCIÓN,1995-07-20,OPERACION,2026-08-20
Sistema,EEPG,EMPRESA DE ENERGIA DE PEREIRA S.A. E.S.P.,GENERACIÓN,1995-07-20,OPERACION,2026-08-20
Sistema,EPMG,EMPRESAS PUBLICAS DE MEDELLIN E.S.P.,GENERACIÓN,1995-07-20,OPERACION,2026-08-20
Sistema,EPMC,EMPRESAS PUBLICAS DE MEDELLIN E.S.P.,COMERCIALIZACIÓN,1995-07-20,OPERACION,2026-08-20
Sistema,EPMD,EMPRESAS PUBLICAS DE MEDELLIN E.S.P.,DISTRIBUCIÓN,1995-07-20,OPERACION,2026-08-20
Sistema,TBSG,TERMOBARRANQUILLA S.A. EMPRESA DE SERVICIOS PUBLICOS,GENERACIÓN,1995-07-20,OPERACION,2026-08-20
Sistema,EBST,EMPRESA DE ENERGIA DE BOYACA S.A. E.S.P.,TRANSPORTE,1995-07-20,OPERACION,2026-08-20
Sistema,ISGC,ISAGEN S.A. E.S.P.,COMERCIALIZACIÓN,1995-07-20,OPERACION,2026-08-20
Sistema,ISGG,ISAGEN S.A. E.S.P.,GENERACIÓN,1995-07-20,OPERACION,2026-08-20
Sistema,EDQG,EMPRESA DE ENERGIA DEL QUINDIO S.A. E.S.P.,GENERACIÓN,1995-07-20,INACTIVO,2026-08-20
Sistema,EEBG,EMPRESA DE ENERGIA DE BOGOTA S.A. E.S.P.,GENERACIÓN,1995-07-20,INACTIVO,2026-08-20
Sistema,CHDC,CHIDRAL S.A - E.S.P,COMERCIALIZACIÓN,1995-07-20,INACTIVO,2026-08-20
Sistema,CRLG,CORPORACION ELECTRICA DE LA COSTA ATLANTICA S.A. E.S.P.,GENERACIÓN,1995-07-20,INACTIVO,2026-08-20
Sistema,BLVC,ELECTRIFICADORA DE BOLIVAR S.A. E.S.P.,COMERCIALIZACIÓN,1995-07-20,INACTIVO,2026-08-20
Sistema,BLVD,ELECTRIFICADORA DE BOLIVAR S.A. E.S.P.,DISTRIBUCIÓN,1995-07-20,INACTIVO,2026-08-20
Sistema,BLVG,ELECTRIFICADORA DE BOLIVAR S.A. E.S.P.,GENERACIÓN,1995-07-20,INACTIVO,2026-08-20
Sistema,CRDC,ELECTRIFICADORA DE CORDOBA S.A. E.S.P.,COMERCIALIZACIÓN,1995-07-20,INACTIVO,2026-08-20
Sistema,CRDD,ELECTRIFICADORA DE CORDOBA S.A. E.S.P.,DISTRIBUCIÓN,1995-07-20,INACTIVO,2026-08-20
Sistema,CRDG,ELECTRIFICADORA DE CORDOBA S.A. E.S.P.,GENERACIÓN,1995-07-20,INACTIVO,2026-08-20
Sistema,GJRC,ELECTRIFICADORA DE LA GUAJIRA S.A. E.S.P.  (LIQUIDACIÓN),COMERCIALIZACIÓN,1995-07-20,INACTIVO,2026-08-20
Sistema,GJRD,ELECTRIFICADORA DE LA GUAJIRA S.A. E.S.P.  (LIQUIDACIÓN),DISTRIBUCIÓN,1995-07-20,INACTIVO,2026-08-20
Sistema,SCRC,ELECTRIFICADORA DE SUCRE S.A. E.S.P.  (LIQUIDACIÓN),COMERCIALIZACIÓN,1995-07-20,INACTIVO,2026-08-20
Sistema,SCRD,ELECTRIFICADORA DE SUCRE S.A. E.S.P.  (LIQUIDACIÓN),DISTRIBUCIÓN,1995-07-20,INACTIVO,2026-08-20
Sistema,ATLC,ELECTRIFICADORA DEL ATLANTICO S.A. E.S.P.,COMERCIALIZACIÓN,1995-07-20,INACTIVO,2026-08-20
Sistema,ATLD,ELECTRIFICADORA DEL ATLANTICO S.A. E.S.P.,DISTRIBUCIÓN,1995-07-20,INACTIVO,2026-08-20
Sistema,ATLG,ELECTRIFICADORA DEL ATLANTICO S.A. E.S.P.,GENERACIÓN,1995-07-20,INACTIVO,2026-08-20
Sistema,CSRC,ELECTRIFICADORA DEL CESAR S.A. ELECTROCESAR E.S.P.,COMERCIALIZACIÓN,1995-07-20,INACTIVO,2026-08-20
Sistema,CHOC,ELECTRIFICADORA DEL CHOCO S.A.  (LIQUIDACIÓN),COMERCIALIZACIÓN,1995-07-20,INACTIVO,2026-08-20
Sistema,CHOD,ELECTRIFICADORA DEL CHOCO S.A.  (LIQUIDACIÓN),DISTRIBUCIÓN,1995-07-20,INACTIVO,2026-08-20
Sistema,MGDC,ELECTRIFICADORA DEL MAGDALENA S.A. E.S.P.  (LIQUIDACIÓN),COMERCIALIZACIÓN,1995-07-20,INACTIVO,2026-08-20
Sistema,CHBT,CENTRAL HIDROELECTRICA DE BETANIA S.A. E.S.P.,TRANSPORTE,1995-07-20,INACTIVO,2026-08-20
Sistema,EMGG,EMGESA S.A. E.S.P.  (FINALIZADO),GENERACIÓN,1995-07-20,INACTIVO,2026-08-20
Sistema,EADG,EMPRESA ANTIOQUEÑA DE ENERGIA S.A. E.S.P.,GENERACIÓN,1995-07-20,INACTIVO,2026-08-20
Sistema,EADD,EMPRESA ANTIOQUEÑA DE ENERGIA S.A. E.S.P.,DISTRIBUCIÓN,1995-07-20,INACTIVO,2026-08-20
Sistema,MGGD,EMPRESA DE ENERGIA ELECTRICA DE MAGANGUE S.A. E.S.P.  (LIQUIDACION),DISTRIBUCIÓN,1995-07-20,INACTIVO,2026-08-20
Sistema,ENLC,EMPRESA DE ENERGIA ELECTRICA DEL ARAUCA,COMERCIALIZACIÓN,1995-07-20,INACTIVO,2026-08-20
Sistema,ENLD,EMPRESA DE ENERGIA ELECTRICA DEL ARAUCA,DISTRIBUCIÓN,1995-07-20,INACTIVO,2026-08-20
Sistema,EPPD,EMPRESAS PUBLICAS DE PEREIRA S.A. E.S.P.,DISTRIBUCIÓN,1995-07-20,INACTIVO,2026-08-20
Sistema,ECLC,EMPRESA DE ENERGIA DE CALI S.A. E.S.P.,COMERCIALIZACIÓN,1995-07-20,INACTIVO,2026-08-20
Sistema,CRLC,CORPORACION ELECTRICA DE LA COSTA ATLANTICA S.A. E.S.P.,COMERCIALIZACIÓN,1995-07-20,INACTIVO,2026-08-20
Sistema,TLMC,ELECTRIFICADORA DEL TOLIMA S.A. E.S.P.,COMERCIALIZACIÓN,1995-07-20,INACTIVO,2026-08-20
Sistema,CHBC,CENTRAL HIDROELECTRICA DE BETANIA S.A. E.S.P.,COMERCIALIZACIÓN,1995-07-20,INACTIVO,2026-08-20
Sistema,CHBD,CENTRAL HIDROELECTRICA DE BETANIA S.A. E.S.P.,DISTRIBUCIÓN,1995-07-20,INACTIVO,2026-08-20
Sistema,CHBG,CENTRAL HIDROELECTRICA DE BETANIA S.A. E.S.P.,GENERACIÓN,1995-07-20,INACTIVO,2026-08-20
Sistema,EEBC,EMPRESA DE ENERGIA DE BOGOTA S.A. E.S.P.,COMERCIALIZACIÓN,1995-07-20,INACTIVO,2026-08-20
Sistema,CNSG,CENTRALES ELECTRICAS DEL NORTE DE SANTANDER S.A. E.S.P.,GENERACIÓN,1995-07-20,INACTIVO,2026-08-20
Sistema,CHDG,CENTRAL HIDROELECTRICA DEL RIO ANCHICAYA S.A. E.S.P.,GENERACIÓN,1995-07-20,INACTIVO,2026-08-20
Sistema,EADC,EMPRESA ANTIOQUEÑA DE ENERGIA S.A. E.S.P.  (LIQUIDACIÓN),COMERCIALIZACIÓN,1995-07-20,INACTIVO,2026-08-20
Sistema,TRCG,TERMOCARTAGENA S.A. E.S.P.,GENERACIÓN,1995-07-20,INACTIVO,2026-08-20
Sistema,TRDG,TERMOELECTRICA DE LA DORADA S.A. E.S.P.,GENERACIÓN,1995-07-20,INACTIVO,2026-08-20
Sistema,PRLC,PROELECTRICA & CIA. S.C.A. E.S.P.,COMERCIALIZACIÓN,1995-07-20,INACTIVO,2026-08-20
Sistema,PRLG,PROELECTRICA & CIA. S.C.A. E.S.P.,GENERACIÓN,1995-07-20,INACTIVO,2026-08-20
Sistema,CDLD,CENTRALES ELECTRICAS DEL CAUCA S.A. E.S.P.,DISTRIBUCIÓN,1995-07-20,INACTIVO,2026-08-20
Sistema,TLMD,ELECTRIFICADORA DEL TOLIMA S.A. E.S.P.,DISTRIBUCIÓN,1995-07-20,INACTIVO,2026-08-20
Sistema,TLMG,ELECTRIFICADORA DEL TOLIMA S.A. E.S.P.,GENERACIÓN,1995-07-20,INACTIVO,2026-08-20
Sistema,MGGC,EMPRESA DE ENERGIA ELECTRICA DE MAGANGUE S.A. E.S.P.  (LIQUIDACIÓN),COMERCIALIZACIÓN,1995-07-20,INACTIVO,2026-08-20
Sistema,CRLD,CORPORACION ELECTRICA DE LA COSTA ATLANTICA S.A. E.S.P.,DISTRIBUCIÓN,1995-07-20,INACTIVO,2026-08-20
Sistema,MGDD,ELECTRIFICADORA DEL MAGDALENA S.A. E.S.P.R(LIQUIDACIÓN),DISTRIBUCIÓN,1995-07-20,INACTIVO,2026-08-20
Sistema,CSRD,ELECTRIFICADORA DEL CESAR S.A. E.S.P.,DISTRIBUCIÓN,1995-07-20,INACTIVO,2026-08-20
Sistema,CHCG,CENTRAL HIDROELECTRICA DE CALDAS S.A. E.S.P.,GENERACIÓN,1995-07-20,INACTIVO,2026-08-20
Sistema,ESSG,ELECTRIFICADORA DE SANTANDER S.A. E.S.P.,GENERACIÓN,1995-07-20,INACTIVO,2026-08-20
Sistema,CDLC,CENTRALES ELECTRICAS DEL CAUCA S.A. E.S.P.,COMERCIALIZACIÓN,1995-07-20,INACTIVO,2026-08-20
Sistema,CDLG,CENTRALES ELECTRICAS DEL CAUCA S.A. E.S.P.,GENERACIÓN,1995-07-20,INACTIVO,2026-08-20
Sistema,EMCC,EMPRESAS MUNICIPALES DE CALI E.I.C.E. E.S.P.,COMERCIALIZACIÓN,1995-07-20,INACTIVO,2026-08-20
Sistema,EPPC,EMPRESAS PUBLICAS DE PEREIRA S.A. E.S.P.,COMERCIALIZACIÓN,1995-07-20,INACTIVO,2026-08-20
Sistema,EECC,EMPRESA DE ENERGIA DE CUNDINAMARCA S.A. E.S.P.,COMERCIALIZACIÓN,1995-07-20,INACTIVO,2026-08-20
Sistema,EECD,EMPRESA DE ENERGIA DE CUNDINAMARCA S.A. E.S.P.,DISTRIBUCIÓN,1995-07-20,INACTIVO,2026-08-20
Sistema,EECG,EMPRESA DE ENERGIA DE CUNDINAMARCA S.A. E.S.P.,GENERACIÓN,1995-07-20,INACTIVO,2026-08-20
Sistema,CTGC,EMPRESAS MUNICIPALES DE CARTAGO S.A. E.S.P.,COMERCIALIZACIÓN,1995-07-20,INACTIVO,2026-08-20
Sistema,CTGD,EMPRESAS MUNICIPALES DE CARTAGO S.A. E.S.P.,DISTRIBUCIÓN,1995-07-20,INACTIVO,2026-08-20
Sistema,EPMT,EMPRESAS PUBLICAS DE MEDELLIN E.S.P.,TRANSPORTE,1995-01-01,OPERACION,2026-08-20
Sistema,ICLG,INSTITUTO COLOMBIANO DE ENERGIA ELECTRICA,GENERACIÓN,1995-01-01,INACTIVO,2026-08-20
