fecha,agente,demanda,respaldo,ventas,expuesto
2025-08-31,ASCC,0.98281561,0.98281561,0.0,0.0
2025-08-31,BCCC,0.00024706,0.6326469499999999,0.0,-0.63239989
2025-08-31,BEIC,0.23827329,0.41935391999999994,0.144,-0.03708062999999995
2025-08-31,BIAC,17.59534407,25.97845306,7.981695360000001,-0.4014136300000004
2025-08-31,CASC,18.2891091,15.82602324,0.0,2.4630858600000014
2025-08-31,CBNC,2.20460097,1.9781059699999999,0.0,0.2264950000000001
2025-08-31,CDNC,27.301845789999998,27.12237868,0.0,0.17946710999999738
2025-08-31,CEOC,24.39522827,23.243834539999998,0.891072,2.0424657300000035
2025-08-31,CETC,7.32848376,7.32848376,0.0,0.0
2025-08-31,CHCC,34.97796898,29.84977012,0.0,5.128198860000001
2025-08-31,CHVC,13.7686402,16.06647264,0.0,-2.2978324400000005
2025-08-31,CMMC,327.78111201999997,281.13197286,0.9677433599999999,47.61688251999993
2025-08-31,CMXC,10.69976069,10.15691185,0.0,0.5428488399999996
2025-08-31,CNSC,61.79317605000001,41.76495331,0.0,20.028222740000004
2025-08-31,CQTC,9.33708099,10.33794116,0.0,-1.0008601699999993
2025-08-31,CSIC,348.05693444999997,268.99933079000004,0.0,79.05760365999993
2025-08-31,DLRC,0.16597654,0.59249208,0.47808,0.051564460000000034
2025-08-31,DRUC,10.146061790000001,9.35874741,0.0,0.7873143800000015
2025-08-31,EBPC,2.95665302,3.11824941,0.0,-0.16159639000000015
2025-08-31,EBSC,32.28324535,25.29497223,0.0,6.988273120000002
2025-08-31,EDPC,9.10755346,8.83629243,0.0,0.2712610299999998
2025-08-31,EDQC,16.12560384,13.88641244,0.0,2.2391913999999993
2025-08-31,EEPC,30.4810871,34.72849212,6.197040980000001,1.949635960000002
2025-08-31,EGVC,2.8090596899999998,3.07231884,0.0,-0.2632591500000001
2025-08-31,EMEC,0.92148379,0.98510054,0.0,-0.06361675
2025-08-31,EMIC,111.93785942,100.35879633,0.0,11.579063089999991
2025-08-31,EMPC,0.49214656,0.42679836,0.0,0.06534820000000002
2025-08-31,EMSC,42.17952573,37.76138882,0.0,4.418136910000001
2025-08-31,ENBC,3.6624521899999998,3.3794812800000003,0.0,0.2829709099999995
2025-08-31,ENDC,514.931722,488.16678644,0.0,26.764935560000026
2025-08-31,ENIC,10.73127917,9.48788656,0.0,1.2433926100000008
2025-08-31,EPMC,416.95824289999996,382.08346618,0.0,34.87477671999994
2025-08-31,EPSC,141.28188934,145.71260049,0.0,-4.430711150000008
2025-08-31,EPTC,2.64797479,5.1734168,1.9909941,-0.5344479099999999
2025-08-31,ESOC,0.17207613,0.17207613,0.0,0.0
2025-08-31,ESSC,82.03721601000001,62.43928786,0.0,19.59792815000001
2025-08-31,ESVC,0.13059771,0.1605924,0.0,-0.02999468999999999
2025-08-31,ETTC,19.17291558,19.133825150000003,0.0,0.03909042999999812
2025-08-31,EVSC,0.45492579000000005,0.44181368,0.0,0.013112110000000066
2025-08-31,EXEC,6.76553993,6.72818483,0.0,0.037355100000000085
2025-08-31,EXIC,5.66792644,4.39382652,0.326016,1.6001159199999995
2025-08-31,FERC,2.88307591,15.55897512,10.58257598,-2.0933232299999993
2025-08-31,FREC,2.7131867,2.2761302399999996,0.0,0.4370564600000004
2025-08-31,GAPC,2.54846167,1.9417427999999999,0.0,0.6067188700000001
2025-08-31,GECC,135.74723034000002,121.46082573000001,0.0,14.286404610000005
2025-08-31,GNCC,58.520718259999995,77.02854361,23.80885186,5.30102651
2025-08-31,GNYC,0.7492236999999999,4.83289012,4.04689301,-0.03677341000000034
2025-08-31,GSAC,0.00843229,0.0,0.0,0.00843229
2025-08-31,HIMC,0.38540052,0.018674279999999998,0.0,0.36672624000000004
2025-08-31,HLAC,33.78713759,35.38803918,0.0,-1.6009015899999994
2025-08-31,ISGC,135.19769094999998,156.48,0.0,-21.28230905000001
2025-08-31,ITLC,5.199491,6.16933032,1.1612908800000001,0.19145155999999997
2025-08-31,LESC,1.5104868999999999,3.21002976,2.2269178,0.5273749400000001
2025-08-31,NEUC,16.5983158,26.089495149999998,9.27262422,-0.21855512999999505
2025-08-31,PEEC,0.08187157,12.16761072,11.356704,-0.7290351499999996
2025-08-31,QIEC,10.09415679,16.74523581,4.910327519999999,-1.7407515000000018
2025-08-31,RPEC,0.0288662,0.0,0.0,0.0288662
2025-08-31,RTQC,10.962997099999999,37.47265453,25.5182644,-0.9913930299999976
2025-08-31,SCEC,0.44441375,1.95164453,0.6202506,-0.8869801800000001
2025-08-31,SOEC,45.43297785,46.71730497,1.28432712,0.0
2025-08-31,TENC,2.9340524,2.674392,0.0,0.2596604
2025-08-31,TPLC,3.31633859,6.6369692,3.17256679,-0.14806381999999996
2025-08-31,TRPC,0.00911872,0.27846245000000003,0.0,-0.26934373
2025-08-31,VESC,0.31545252,0.62886168,0.0,-0.31340915999999996
2025-08-31,VICC,0.08554951,0.0,0.0,0.08554951
2025-09-30,ASCC,2.50061058,2.50061058,0.0,0.0
2025-09-30,BCCC,0.00039670000000000005,1.60811626,0.0,-1.60771956
2025-09-30,BEIC,0.6084535999999999,1.0806408,0.36,-0.11218720000000015
2025-09-30,BIAC,44.35699097,63.80042054,19.0002384,-0.44319116999999864
2025-09-30,CASC,47.2315288,47.94246869999999,0.0,-0.7109398999999925
2025-09-30,CBNC,5.5756638700000005,5.06319665,0.0,0.5124672200000004
2025-09-30,CDNC,68.77517717999999,68.90314864,0.0,-0.12797146000001192
2025-09-30,CEOC,62.85724896,57.56763332,2.22768,7.51729564
2025-09-30,CETC,18.554648649999997,18.554648649999997,0.0,0.0
2025-09-30,CHCC,87.9310783,76.23108256,0.0,11.699995739999991
2025-09-30,CHVC,33.51579582,40.1661816,0.0,-6.650385780000001
2025-09-30,CMMC,786.3163452,698.15999645,2.4999984,90.65634714999999
2025-09-30,CMXC,29.56657237,25.64386316,0.0,3.9227092100000007
2025-09-30,CNSC,157.07484745,105.65483128,0.0,51.42001617
2025-09-30,CQTC,25.49983959,27.0155594,0.0,-1.5157198100000002
2025-09-30,CSIC,843.89226783,682.87468777,0.0,161.01758006
2025-09-30,DLRC,0.43151694,1.36571634,1.1952,0.2610006
2025-09-30,DRUC,26.504690080000003,24.63846853,0.0,1.8662215500000023
2025-09-30,EBPC,7.528350639999999,7.96734106,0.0,-0.43899042000000055
2025-09-30,EBSC,81.19158406,53.93680651,0.0,27.25477755
2025-09-30,EDPC,22.48711892,23.746220609999998,0.0,-1.2591016899999978
2025-09-30,EDQC,40.11998896,34.08386522000001,0.0,6.036123739999994
2025-09-30,EEPC,75.88661548,85.41194515000001,14.733832029999999,5.208502359999997
2025-09-30,EGVC,7.27125139,7.945485920000001,0.0,-0.6742345300000014
2025-09-30,EMEC,2.13503609,2.1448721,0.0,-0.00983601000000034
2025-09-30,EMIC,279.46097922,255.76457398,0.0,23.69640524000002
2025-09-30,EMPC,1.3708779,1.0669959,0.0,0.303882
2025-09-30,EMSC,108.20169852,99.47939373999999,0.0,8.722304780000002
2025-09-30,ENBC,9.14675981,28.448863199999998,0.0,-19.30210339
2025-09-30,ENDC,1297.48030959,1187.77561801,0.0,109.70469157999992
2025-09-30,ENIC,27.82685309,24.63732084,0.0,3.189532249999999
2025-09-30,EPMC,1053.62739801,944.1050244500001,0.0,109.52237355999989
2025-09-30,EPSC,351.8263281,360.98385975,0.0,-9.15753165000001
2025-09-30,EPTC,6.9448295,14.92637774,5.48051672,-2.5010315199999997
2025-09-30,ESOC,0.45643495,0.45643495,0.0,0.0
2025-09-30,ESSC,204.66830736000003,156.12163596000002,0.0,48.54667140000001
2025-09-30,ESVC,0.35111719,0.42814515999999997,0.0,-0.07702796999999995
2025-09-30,ETTC,48.936944340000004,48.77735891,0.0,0.15958543000000702
2025-09-30,EVSC,1.14604286,1.1138052,0.0,0.03223766000000006
2025-09-30,EXEC,16.58198286,16.21817265,0.0,0.36381021000000047
2025-09-30,EXIC,13.0426733,9.7345381,1.14747092,4.455606120000001
2025-09-30,FERC,7.23637664,36.01685579,24.368440309999997,-4.412038840000005
2025-09-30,FREC,6.9356697,5.700002400000001,0.0,1.2356672999999994
2025-09-30,GAPC,6.284943,4.854357,0.0,1.430586
2025-09-30,GECC,334.89073749,292.88502237,0.0,42.00571511999999
2025-09-30,GNCC,147.19002652,200.16867775999998,58.815641119999995,5.836989880000033
2025-09-30,GNYC,1.96023706,12.637261689999999,10.82061541,0.14359078000000203
2025-09-30,GSAC,0.0018384500000000002,0.0,0.0,0.0018384500000000002
2025-09-30,HIMC,0.98226563,0.046685700000000004,0.0,0.93557993
2025-09-30,HLAC,76.54819090000001,94.35292215999999,0.0,-17.804731259999983
2025-09-30,ISGC,335.75552847,392.88,0.0,-57.124471529999994
2025-09-30,ITLC,13.31873901,15.685413000000002,3.0457213199999997,0.6790473299999977
2025-09-30,LESC,3.27493823,8.0250744,5.88394385,1.1338076800000003
2025-09-30,NEUC,41.96487302,71.46838505,24.79034391,-4.713168119999992
2025-09-30,PEEC,0.22800232999999998,30.4190268,28.39176,-1.7992644700000007
2025-09-30,QIEC,25.59741782,43.0432161,12.77429916,-4.67149912
2025-09-30,RPEC,0.15162885,0.0,0.0,0.15162885
2025-09-30,RTQC,27.701181390000002,93.63118001000001,65.38325248000001,-0.5467461399999962
2025-09-30,SCEC,1.22500582,5.015904849999999,1.5340707,-2.2568283299999994
2025-09-30,SOEC,112.9909413,116.20175909999999,3.2108177999999996,1.4210854715202004e-14
2025-09-30,TENC,7.36839259,6.86268,0.0,0.5057125899999999
2025-09-30,TPLC,8.19772156,16.247563369999998,8.18931433,0.13947252000000177
2025-09-30,TRPC,0.031551760000000005,0.72811449,0.0,-0.6965627299999999
2025-09-30,VESC,0.68132019,1.5979589999999997,0.0,-0.9166388099999997
2025-09-30,VICC,0.23470147,0.0,0.0,0.23470147
2025-10-31,ASCC,2.61855021,2.61855021,0.0,0.0
2025-10-31,BCCC,0.0006421799999999999,1.49015399,0.0,-1.48951181
2025-10-31,BEIC,0.63131647,1.08333096,0.372,-0.08001448999999994
2025-10-31,BIAC,45.653212630000006,67.71526771,18.41937168,-3.6426833999999957
2025-10-31,CASC,47.36565403,48.935232590000005,0.0,-1.5695785600000036
2025-10-31,CBNC,5.6544000599999995,5.22387341,0.0,0.4305266499999991
2025-10-31,CDNC,71.24248492,71.52139337999999,0.0,-0.2789084599999967
2025-10-31,CEOC,63.926155130000005,60.31116869,2.301936,5.9169224400000076
2025-10-31,CETC,18.08476752,18.09944754,0.0,-0.014680020000000127
2025-10-31,CHCC,90.33582909,76.92244513,0.0,13.413383960000004
2025-10-31,CHVC,32.882096940000004,41.50505432,0.0,-8.622957379999995
2025-10-31,CMMC,780.08972981,714.7511202100001,2.5000036800000003,67.83861327999989
2025-10-31,CMXC,32.80442288,25.272498289999998,0.0,7.531924589999999
2025-10-31,CNSC,157.5364764,109.25638006,0.0,48.28009634
2025-10-31,CQTC,26.67665986,26.85437809,0.0,-0.17771822999999998
2025-10-31,CSIC,821.17633416,727.9264083300001,0.0,93.24992582999994
2025-10-31,DLRC,0.43218804,1.64939178,1.23504,0.017836259999999937
2025-10-31,DRUC,27.499897920000002,25.78384769,0.0,1.7160502300000005
2025-10-31,EBPC,8.07535784,8.68846261,0.0,-0.6131047699999996
2025-10-31,EBSC,84.57593466,57.10944106,0.0,27.4664936
2025-10-31,EDPC,23.00078504,23.47274614,0.0,-0.47196110000000147
2025-10-31,EDQC,40.59962277,34.77933207,0.0,5.820290700000001
2025-10-31,EEPC,76.07453954,86.72681195999999,13.374904429999999,2.7226320100000123
2025-10-31,EGVC,7.553206009999999,8.271755279999999,0.0,-0.7185492699999996
2025-10-31,EMEC,1.87913467,1.99862067,0.0,-0.11948599999999998
2025-10-31,EMIC,276.10735685000003,255.06976464,0.0,21.037592210000042
2025-10-31,EMPC,1.40686995,1.1025624299999999,0.0,0.30430752000000005
2025-10-31,EMSC,112.32972998000001,102.21502922,0.0,10.114700760000005
2025-10-31,ENBC,9.50449791,28.73053464,0.0,-19.226036729999997
2025-10-31,ENDC,1337.7310914500001,1260.24707723,0.0,77.48401422000006
2025-10-31,ENIC,28.24602752,25.51348974,0.0,2.7325377799999977
2025-10-31,EPMC,1076.79981381,971.90990631,0.0,104.88990749999994
2025-10-31,EPSC,351.79643926,362.47128636,0.0,-10.674847100000022
2025-10-31,EPTC,7.251437719999999,33.38593684,24.077134469999997,-2.057364650000004
2025-10-31,ESOC,0.4884867,0.4884867,0.0,0.0
2025-10-31,ESSC,205.51441643,159.35017756,0.0,46.16423887000002
2025-10-31,ESVC,0.36248009999999997,0.43726659,0.0,-0.07478649000000004
2025-10-31,ETTC,50.40555329,49.97835386,0.0,0.4271994300000017
2025-10-31,EVSC,1.20223446,1.14115384,0.0,0.06108061999999981
2025-10-31,EXEC,16.90871697,17.21169024,0.0,-0.30297326999999896
2025-10-31,EXIC,14.33332141,12.282105,2.82306321,4.874279620000001
2025-10-31,FERC,7.48412776,37.566290359999996,18.82573595,-11.256426649999998
2025-10-31,FREC,7.323937559999999,5.8800031200000005,0.0,1.4439344399999987
2025-10-31,GAPC,6.224373519999999,5.016168899999999,0.0,1.20820462
2025-10-31,GECC,356.71595182,317.32404223000003,0.0,39.391909589999955
2025-10-31,GNCC,149.27078839,200.9784813,59.5646549,7.856961990000002
2025-10-31,GNYC,1.92483775,12.38887718,10.519491449999999,0.055452019999998825
2025-10-31,GSAC,0.0048718,0.148412,0.0,-0.14354019999999998
2025-10-31,HIMC,0.99468095,0.04824189,0.0,0.94643906
2025-10-31,HLAC,88.49581154,92.98695951,0.0,-4.49114797
2025-10-31,ISGC,343.88606229000004,404.88,0.0,-60.993937709999955
2025-10-31,ITLC,13.83323836,16.44143666,3.00000144,0.3918031400000004
2025-10-31,LESC,3.7982825499999997,8.292576879999999,6.011512730000001,1.5172184000000009
2025-10-31,NEUC,43.150541600000004,70.73625115,22.619821759999997,-4.9658877899999965
2025-10-31,PEEC,0.23938033000000003,31.432994360000002,29.338152,-1.8554620300000018
2025-10-31,QIEC,26.16585784,44.4222151,12.93241341,-5.323943849999999
2025-10-31,RPEC,0.27273277,0.0,0.0,0.27273277
2025-10-31,RTQC,29.21549448,95.46136523,66.03192651,-0.21394423999998935
2025-10-31,SCEC,1.21978239,5.1925680199999995,1.588379,-2.3844066299999995
2025-10-31,SOEC,102.4051016,105.72294665999999,3.3178450600000002,0.0
2025-10-31,TENC,7.5114737400000005,6.993569,0.0,0.5179047400000005
2025-10-31,TPLC,8.38878495,16.70222356,7.64776233,-0.6656762799999996
2025-10-31,TRPC,0.01611554,0.76326187,0.0,-0.74714633
2025-10-31,VESC,2.56678236,2.80265814,0.0,-0.2358757800000002
2025-10-31,VICC,0.24173153,0.0,0.0,0.24173153
2025-11-30,ASCC,2.52457124,2.52457124,0.0,0.0
2025-11-30,BCCC,2.593e-05,1.4077303300000001,0.49334981,-0.9143545900000001
2025-11-30,BEIC,0.6393384,1.0806408,0.36,-0.08130240000000011
2025-11-30,BIAC,44.29303728,58.30600328,16.2995184,2.286552400000005
2025-11-30,CASC,47.25927887,47.58246869999999,0.0,-0.3231898299999898
2025-11-30,CBNC,5.17101548,4.90999724,0.0,0.2610182400000003
2025-11-30,CDNC,68.33577235,73.65263048,0.0,-5.31685813
2025-11-30,CEOC,61.94989629,58.997266620000005,2.22768,5.18030967
2025-11-30,CETC,17.95471636,17.95471636,0.0,0.0
2025-11-30,CHCC,87.68047609999999,76.93908659,0.0,10.74138950999999
2025-11-30,CHVC,31.90061094,40.1661816,0.0,-8.265570660000002
2025-11-30,CMMC,778.14839718,722.7941937300001,2.4999984,57.85420184999987
2025-11-30,CMXC,31.11158631,22.525424079999997,0.0,8.586162230000003
2025-11-30,CNSC,151.1461315,107.39276557,0.0,43.75336593
2025-11-30,CQTC,26.81296559,25.72945648,0.0,1.0835091100000014
2025-11-30,CSIC,835.74392761,777.1925333400001,0.0,58.551394269999946
2025-11-30,DLRC,0.39564463,1.74289578,1.1952,-0.1520511499999999
2025-11-30,DRUC,27.85352041,24.06174521,0.0,3.7917752
2025-11-30,EBPC,7.856462690000001,8.27713867,0.0,-0.4206759799999986
2025-11-30,EBSC,81.04902951999999,56.080790619999995,0.0,24.968238899999996
2025-11-30,EDPC,22.22571869,21.48141055,0.0,0.7443081400000011
2025-11-30,EDQC,39.61655873,33.151310970000004,0.0,6.465247759999997
2025-11-30,EEPC,73.92191719,81.74161061,8.529332929999999,0.7096395100000024
2025-11-30,EGVC,7.5294719599999995,7.9733155700000005,0.0,-0.44384361000000094
2025-11-30,EMEC,1.8372546,2.1390055,0.0,-0.30175090000000004
2025-11-30,EMIC,264.55779635,247.83462612,0.0,16.723170229999994
2025-11-30,EMPC,1.4073418100000001,1.0669959,0.0,0.34034591000000014
2025-11-30,EMSC,110.36520841,97.04947788,0.0,13.315730529999996
2025-11-30,ENBC,9.5700627,28.448863199999998,0.0,-18.878800499999997
2025-11-30,ENDC,1305.64071632,1225.0079034100002,0.0,80.63281290999976
2025-11-30,ENIC,27.510471260000003,24.5585788,0.0,2.9518924600000034
2025-11-30,EPMC,1047.21905482,926.28733613,0.0,120.93171869000014
2025-11-30,EPSC,342.82521589,353.51164589,0.0,-10.68643000000003
2025-11-30,EPTC,7.2151244199999995,30.22668485,15.6645084,-7.34705203
2025-11-30,ESOC,0.46189144,0.46189144,0.0,0.0
2025-11-30,ESSC,201.52962159999998,155.170799,0.0,46.358822599999996
2025-11-30,ESVC,0.36255698999999997,0.42304195,0.0,-0.06048496000000003
2025-11-30,ETTC,48.17838934,47.511532200000005,0.0,0.6668571399999976
2025-11-30,EVSC,1.18285502,1.1037432,0.0,0.07911182000000005
2025-11-30,EXEC,16.34116934,17.43265632,0.0,-1.091486979999999
2025-11-30,EXIC,9.418566689999999,12.679078449999999,3.22367897,-0.03683279000000006
2025-11-30,FERC,7.41327847,35.95048946,20.74415064,-7.7930603499999975
2025-11-30,FREC,6.97347142,5.700002400000001,0.0,1.2734690199999994
2025-11-30,GAPC,5.68037388,4.854357,0.0,0.8260168800000001
2025-11-30,GECC,366.7854933,312.6091098,0.0,54.176383499999986
2025-11-30,GNCC,145.46391727000002,184.86491980000002,53.78445592,14.38345339
2025-11-30,GNYC,1.85294776,12.41443541,10.628079029999999,0.06659137999999842
2025-11-30,GSAC,0.05062876,0.0,0.0,0.05062876
2025-11-30,HIMC,0.96531042,0.046685700000000004,0.0,0.91862472
2025-11-30,HLAC,75.60962735,82.27552073000001,0.0,-6.665893380000014
2025-11-30,ISGC,318.29473545999997,388.56,0.0,-70.26526454000003
2025-11-30,ITLC,13.598885529999999,16.585413,3.0000024,0.013474930000000995
2025-11-30,LESC,3.7718349,8.0250744,4.8639363,0.6106968000000013
2025-11-30,NEUC,42.83293134,69.43966406999999,23.72540372,-2.8813290099999875
2025-11-30,PEEC,0.18586284,30.4190268,28.39176,-1.841403960000001
2025-11-30,QIEC,25.698533480000002,42.864872950000006,13.011648220000001,-4.154691249999999
2025-11-30,RPEC,0.58382873,0.0,0.0,0.58382873
2025-11-30,RTQC,29.170533009999996,93.10147452,61.28162546,-2.649316049999996
2025-11-30,SCEC,1.21607258,4.81457941,1.566328,-2.0321788300000003
2025-11-30,SOEC,112.4014081,115.61222590000001,3.2108177999999996,-1.4210854715202004e-14
2025-11-30,TENC,7.2906314000000005,6.71502,0.0,0.5756114000000006
2025-11-30,TPLC,7.93643564,15.82603508,7.63734157,-0.2522578700000011
2025-11-30,TRPC,0.01633374,1.01479441,0.0,-0.9984606699999999
2025-11-30,VESC,1.87841882,3.3920803999999998,0.0,-1.5136615799999997
2025-11-30,VICC,0.24301754,0.0,0.0,0.24301754
2025-12-31,ASCC,2.5746523,2.5746523,0.0,0.0
2025-12-31,BCCC,0.00056937,1.50130773,1.50130773,0.0005693700000000135
2025-12-31,BEIC,0.64515936,1.0000029599999998,0.455328,0.10048440000000025
2025-12-31,BIAC,43.39801704,28.85390264,27.85540229,42.39951669
2025-12-31,CASC,49.51702702,31.51759739,17.143545600000003,35.14297523000001
2025-12-31,CBNC,3.89939081,2.2976267000000004,1.54139148,3.1431555899999992
2025-12-31,CDNC,73.56481292000001,34.08327908,30.40309667,69.88463051000001
2025-12-31,CEOC,65.66709709,47.43314768,16.574265009999998,34.808214420000006
2025-12-31,CETC,18.63324106,12.17727365,6.45641127,12.91237868
2025-12-31,CHCC,91.09707891,41.627349020000004,35.69867848999999,85.16840837999999
2025-12-31,CHVC,30.250706469999997,30.451781320000002,3.732645,3.531570149999993
2025-12-31,CMMC,806.83507028,563.07111736,217.45134311,461.21529603
2025-12-31,CMXC,25.76714893,20.120143719999998,4.10725467,9.754259880000003
2025-12-31,CNSC,145.09246907,82.19298559,25.756200890000002,88.65568436999999
2025-12-31,CQTC,29.93258382,19.73123625,7.32330318,17.524650750000003
2025-12-31,CSIC,829.5009400299999,609.71495086,190.92794123,410.71393039999987
2025-12-31,DLRC,0.36091094,1.75135368,1.2660842700000001,-0.12435847
2025-12-31,DRUC,28.27124973,20.088,5.18794194,13.371191670000002
2025-12-31,EBPC,8.85640796,7.13284549,0.39387142999999997,2.117433900000001
2025-12-31,EBSC,85.47864981000001,48.6741573,10.34767537,47.152167880000015
2025-12-31,EDPC,23.53156848,19.22091798,2.84339843,7.154048930000002
2025-12-31,EDQC,41.58577422,22.02254858,13.24729455,32.81052019
2025-12-31,EEPC,76.41311715,48.78860597,45.80811179,73.43262297000001
2025-12-31,EGVC,8.33460259,3.354052,2.9999995799999994,7.980550169999999
2025-12-31,EMEC,1.9820251899999999,2.2532844300000003,0.14855362,-0.12270562000000051
2025-12-31,EMIC,271.61047557,133.01055348,124.03523059999999,262.63515269
2025-12-31,EMPC,1.5823196000000002,1.1025624299999999,0.0,0.4797571700000003
2025-12-31,EMSC,117.9290767,50.888942369999995,34.2295082,101.26964253
2025-12-31,ENBC,10.22291006,8.730326640000001,4.848,6.340583419999998
2025-12-31,ENDC,1312.9092793099999,778.7262369,441.13866938,975.3217117899999
2025-12-31,ENIC,28.58987385,21.03531421,0.0,7.554559640000001
2025-12-31,EPMC,1067.56877971,604.35851832,288.30457267,751.5148340599999
2025-12-31,EPSC,351.71082865,240.70414659,121.91471254000001,232.92139460000004
2025-12-31,EPTC,7.889917769999999,33.54889172,17.1313855,-8.52758845
2025-12-31,ESOC,0.50121852,0.50121852,0.0,0.0
2025-12-31,ESSC,208.19795137,87.50709223999999,77.43822669,198.12908582000003
2025-12-31,ESVC,0.38171827,0.43687083000000004,0.0,-0.05515256000000002
2025-12-31,ETTC,47.9859841,43.58758211,4.03345994,8.431861930000004
2025-12-31,EVSC,1.27431958,1.1703488400000002,0.0,0.10397073999999984
2025-12-31,EXEC,16.56665903,17.17948741,0.0,-0.6128283799999998
2025-12-31,EXIC,8.91013098,11.250006449999999,4.874725,2.5348495300000007
2025-12-31,FERC,8.39359658,39.58210716,22.23961132,-8.948899259999997
2025-12-31,FREC,7.140198099999999,2.976,2.90400312,7.06820122
2025-12-31,GAPC,5.47334498,2.976,2.0401689,4.53751388
2025-12-31,GECC,383.36077862,175.83983267000002,114.83524347,322.35618942
2025-12-31,GNCC,146.75297926,152.56120045,89.96828887999999,84.16006768999998
2025-12-31,GNYC,1.9858501899999998,13.73520146,11.63563999,-0.11371128000000219
2025-12-31,GSAC,0.007743,0.0,0.0,0.007743
2025-12-31,HIMC,1.01159893,0.04824189,0.0,0.9633570399999999
2025-12-31,HLAC,83.09310187999999,61.75213519,20.42664307,41.76760975999999
2025-12-31,ISGC,315.09301089999997,403.56,0.0,-88.46698910000003
2025-12-31,ITLC,13.8332688,15.97917126,4.26575496,2.119852500000002
2025-12-31,LESC,3.31261354,7.92057688,5.985283610000001,1.3773202700000011
2025-12-31,NEUC,43.793636920000004,52.93599557,32.82516168,23.682803030000002
2025-12-31,PEEC,0.15085694,41.25974636,19.5114,-21.597489420000002
2025-12-31,QIEC,26.96259345,42.49641585,16.08434082,0.5505184200000031
2025-12-31,RPEC,0.11748773000000001,0.0,0.0,0.11748773000000001
2025-12-31,RTQC,29.632934669999997,148.066251,34.80843602,-83.62488031
2025-12-31,SCEC,1.11485544,3.74182911,1.2281960600000001,-1.3987776099999998
2025-12-31,SOEC,111.21921247,112.60504453,5.249858059999999,3.8640259999999955
2025-12-31,TENC,7.6088130099999995,5.2824,1.743967,4.07038001
2025-12-31,TPLC,7.93963339,16.26945629,8.94335995,0.6135370499999979
2025-12-31,TRPC,0.028895209999999998,1.19727378,0.0,-1.16837857
2025-12-31,VESC,2.47217966,3.05878488,0.26396713,-0.3226380899999999
2025-12-31,VICC,0.25051825,0.0,0.0,0.25051825
2026-01-31,ASCC,2.83357578,2.83357578,0.0,0.0
2026-01-31,BCCC,6.916000000000001e-05,1.49447154,1.49447154,6.916000000001254e-05
2026-01-31,BEIC,2.05637702,3.1181932800000003,0.372,-0.6898162600000002
2026-01-31,BIAC,44.36279161,53.29469225,7.9607171999999995,-0.9711834399999972
2026-01-31,CASC,49.76615486,39.63984539,0.0,10.126309470000002
2026-01-31,CBNC,4.91202729,5.21998428,0.0,-0.3079569900000001
2026-01-31,CDNC,71.33729158,97.87933301999999,29.16670929,2.6246678500000087
2026-01-31,CEOC,69.41082741,62.54517325,0.0,6.865654159999998
2026-01-31,CETC,18.42096412,18.42096412,0.0,0.0
2026-01-31,CHCC,90.42258457,81.68339114999999,0.0,8.739193420000007
2026-01-31,CHVC,35.963265039999996,40.59752932,0.0,-4.634264280000004
2026-01-31,CMMC,826.48609896,809.56325364,6.220003679999999,23.14284900000007
2026-01-31,CMXC,20.03293023,22.83114445,0.0,-2.7982142199999984
2026-01-31,CNSC,141.92185656,125.03666533,0.0,16.885191230000004
2026-01-31,CQTC,27.76043343,21.02827727,0.0,6.732156159999999
2026-01-31,CSIC,813.3299968099999,687.10101154,0.0,126.22898526999995
2026-01-31,DLRC,0.33205484,1.86,1.59631368,0.06836851999999993
2026-01-31,DRUC,27.98410807,28.2872546,0.0,-0.30314652999999936
2026-01-31,EBPC,7.89788076,7.76861672,0.0,0.1292640399999998
2026-01-31,EBSC,83.2727667,80.79375118,0.0,2.4790155200000044
2026-01-31,EDPC,22.903716550000002,7.82436923,0.0,15.079347320000002
2026-01-31,EDQC,41.180333409999996,34.8602311,0.0,6.320102309999996
2026-01-31,EEPC,75.41524803,77.31756886,14.278285890000001,12.375965060000013
2026-01-31,EGVC,7.61416688,8.54907583,0.0,-0.9349089499999996
2026-01-31,EMEC,2.01441417,2.6497746699999998,0.0,-0.6353605
2026-01-31,EMIC,266.5721649,243.62870325999998,0.0,22.943461640000038
2026-01-31,EMPC,1.5154186200000002,0.9537624299999999,0.0,0.5616561900000002
2026-01-31,EMSC,114.98209431999999,93.90255151000001,0.0,21.079542809999978
2026-01-31,ENBC,10.37647842,9.81651456,0.0,0.5599638599999999
2026-01-31,ENDC,1220.13915654,1176.94966056,0.0,43.18949597999995
2026-01-31,ENIC,27.7442298,16.38477095,0.0,11.35945885
2026-01-31,EPMC,1058.97880724,906.36659117,0.0,152.61221606999993
2026-01-31,EPSC,355.34547864,362.83465006,0.0,-7.489171419999991
2026-01-31,EPTC,7.1343215099999995,32.146396870000004,27.74613266,2.7340572999999964
2026-01-31,ESOC,0.4235891,0.0,0.0,0.4235891
2026-01-31,ESSC,205.80053569,146.34412551999998,0.0,59.45641017000003
2026-01-31,ESVC,0.37563197,0.34509749,0.0,0.030534479999999975
2026-01-31,ETTC,48.497570259999996,47.78037828,0.0,0.7171919799999955
2026-01-31,EVSC,1.26208047,1.2048108400000002,0.0,0.05726962999999974
2026-01-31,EXEC,16.60103051,17.83999873,0.0,-1.2389682200000003
2026-01-31,EXIC,10.34467234,14.310630779999999,5.49669599,1.530737550000003
2026-01-31,FERC,9.842287189999999,43.4670494,25.693479420000003,-7.931282789999997
2026-01-31,FREC,7.1473269,6.99600312,0.5208,0.6721237800000006
2026-01-31,GAPC,5.61200557,5.43466921,0.0,0.17733635999999997
2026-01-31,GECC,403.96153583,287.40160914999996,0.0,116.55992668000005
2026-01-31,GNCC,143.70529421999998,177.56192446,57.54413668,23.687506439999993
2026-01-31,GNYC,1.95899799,12.349739660000001,10.4190611,0.028319429999999812
2026-01-31,GSAC,0.00918648,0.02835,0.0,-0.01916352
2026-01-31,HIMC,0.99483876,0.04824189,0.0,0.94659687
2026-01-31,HLAC,74.72505856999999,79.08783226999999,0.0,-4.362773700000005
2026-01-31,ISGC,335.32619162000003,433.63,0.0,-98.30380837999996
2026-01-31,ITLC,14.08103614,17.1601988,3.99999696,0.9208342999999992
2026-01-31,LESC,3.2263948399999998,7.92057688,5.37758141,0.683399370000001
2026-01-31,NEUC,57.99696771,90.0046377,34.9916386,2.983968609999991
2026-01-31,PEEC,0.11042945,15.80899436,14.9544,-0.7441649100000003
2026-01-31,QIEC,25.50348474,50.0236534,17.45412802,-7.066040639999997
2026-01-31,RPEC,0.95372004,0.0,0.0,0.95372004
2026-01-31,RTQC,30.727896530000002,94.24756493,60.278896800000005,-3.240771599999988
2026-01-31,SCEC,1.21337906,3.0080264199999998,1.3376108100000001,-0.4570365499999993
2026-01-31,SOEC,112.68122812,115.99907318000001,3.3178450600000002,-1.4210854715202004e-14
2026-01-31,TENC,31.70816032,29.522137,0.0,2.1860233200000003
2026-01-31,TPLC,7.5386139199999995,19.26158119,11.53317081,-0.18979646000000372
2026-01-31,TRPC,0.06479327,0.0,0.0,0.06479327
2026-01-31,VESC,2.79378715,2.40089602,0.0,0.3928911300000002
2026-01-31,VICC,0.25351113000000003,0.0,0.0,0.25351113000000003
2026-02-28,ASCC,2.3096195099999997,2.3096195099999997,0.0,0.0
2026-02-28,BCCC,0.0031453699999999998,1.45460577,1.45460577,0.003145369999999925
2026-02-28,BEIC,2.4446635899999998,3.96160608,1.4924161999999999,-0.024526290000000728
2026-02-28,BIAC,43.612790200000006,47.169830659999995,2.9568,-0.6002404599999878
2026-02-28,CASC,47.3694861,36.81173132,0.0,10.557754780000003
2026-02-28,CBNC,4.63304009,4.96427142,0.0,-0.3312313300000005
2026-02-28,CDNC,65.50004163,95.37997489,31.25015992,1.3702266600000002
2026-02-28,CEOC,62.99746426,52.47493532,0.0,10.52252894
2026-02-28,CETC,17.24845684,143.52075659,0.0,-126.27229974999999
2026-02-28,CHCC,82.92924351,78.04452151999999,0.0,4.884721990000017
2026-02-28,CHVC,35.46033364,36.668736159999995,0.0,-1.2084025199999928
2026-02-28,CMMC,720.69544812,743.25383801,5.8600012800000005,-16.698388609999938
2026-02-28,CMXC,23.776362940000002,20.78539925,0.0,2.990963690000001
2026-02-28,CNSC,134.3164687,124.58322804,0.0,9.733240660000007
2026-02-28,CQTC,25.894707559999997,25.973918480000002,0.0,-0.07921092000000485
2026-02-28,CSIC,724.54520067,609.87049397,0.0,114.6747067
2026-02-28,DLRC,0.36774676,2.14634784,1.68,-0.0986010799999999
2026-02-28,DRUC,26.148389440000003,26.52970363,0.0,-0.38131418999999767
2026-02-28,EBPC,7.40792298,7.570000650000001,0.0,-0.1620776700000004
2026-02-28,EBSC,75.80295925,76.75968384000001,0.0,-0.9567245900000074
2026-02-28,EDPC,21.47604834,6.6256257199999995,0.0,14.85042262
2026-02-28,EDQC,37.51284671,31.39843772,0.0,6.114408989999998
2026-02-28,EEPC,70.12595526000001,76.45545564,12.5520705,6.2225701200000145
2026-02-28,EGVC,7.49523652,7.05803928,0.0,0.4371972399999997
2026-02-28,EMEC,1.6914495,2.96234156,0.0,-1.27089206
2026-02-28,EMIC,252.05176916,221.28487284,0.0,30.76689632
2026-02-28,EMPC,1.37070112,0.86146284,0.0,0.5092382800000002
2026-02-28,EMSC,107.9906662,84.81831206,0.0,23.17235414000001
2026-02-28,ENBC,9.576443629999998,139.16273148,0.0,-129.58628785
2026-02-28,ENDC,1164.12019105,983.67624712,0.0,180.44394392999993
2026-02-28,ENIC,27.1385888,14.681693800000001,0.0,12.456895
2026-02-28,EPMC,989.15990134,847.5864020299999,0.0,141.5734993100001
2026-02-28,EPSC,326.86924425,334.54299931,0.0,-7.673755060000019
2026-02-28,EPTC,6.716664939999999,34.330333020000005,32.71413284,5.100464759999994
2026-02-28,ESOC,0.42587507,0.0,0.0,0.42587507
2026-02-28,ESSC,189.40887489,147.12407616,0.0,42.284798730000006
2026-02-28,ESVC,0.38184882000000003,0.34563512,0.0,0.036213700000000015
2026-02-28,ETTC,47.59737508999999,47.5608193,0.0,0.036555789999994204
2026-02-28,EVSC,1.1216412900000001,1.0682139199999998,0.0,0.05342737000000031
2026-02-28,EXEC,16.08629204,17.83999868,0.0,-1.7537066400000008
2026-02-28,EXIC,8.282189599999999,13.644315619999999,7.599622839999999,2.2374968199999987
2026-02-28,FERC,9.91199759,41.04575511,17.58057413,-13.553183390000001
2026-02-28,FREC,6.1936808,6.34800096,0.4704,0.31607983999999956
2026-02-28,GAPC,5.5108574400000006,4.9621686799999996,0.0,0.548688760000001
2026-02-28,GECC,358.53603101,268.8927384,0.0,89.64329261
2026-02-28,GNCC,135.34425128,170.17562436,52.9199244,18.088551319999993
2026-02-28,GNYC,1.7696821,11.8323076,10.18775417,0.1251286700000005
2026-02-28,GSAC,0.00014979,0.2796976,0.0,-0.27954781
2026-02-28,HIMC,0.91491551,0.04357332,0.0,0.87134219
2026-02-28,HLAC,66.47994584,75.05401024,0.0,-8.574064399999997
2026-02-28,ISGC,316.53199071,393.88,0.0,-77.34800929
2026-02-28,ITLC,12.26816279,16.378822319999998,4.01919936,-0.09146016999999773
2026-02-28,LESC,3.4723351200000003,7.490069439999999,4.93100449,0.9132701700000005
2026-02-28,NEUC,56.18868899,89.13170442,34.9905658,2.047550369999996
2026-02-28,PEEC,0.12360994,13.769091679999999,13.5072,-0.13828174000000004
2026-02-28,QIEC,24.06324755,46.86655286,17.641607190000002,-5.161698119999997
2026-02-28,RPEC,0.58528759,0.0,0.0,0.58528759
2026-02-28,RTQC,29.69354896,85.17094159999999,56.594908260000004,1.117515620000006
2026-02-28,SCEC,1.1463373700000001,3.54892096,2.4459372999999998,0.04335371000000032
2026-02-28,SOEC,93.1038905,96.10065378,2.9967632799999997,0.0
2026-02-28,TENC,28.878509519999998,26.665156,0.0,2.2133535199999983
2026-02-28,TPLC,7.3930956299999995,18.27253723,11.53798965,0.6585480499999967
2026-02-28,TRPC,0.039730589999999996,0.0,0.0,0.039730589999999996
2026-02-28,VESC,2.71398269,3.17001443,0.0,-0.45603174000000024
2026-02-28,VICC,0.24859182999999999,0.0,0.0,0.24859182999999999
2026-03-31,ASCC,2.4036340899999997,2.4036340899999997,0.0,0.0
2026-03-31,BCCC,0.06574991000000001,1.58609896,1.58609896,0.06574991000000008
2026-03-31,BEIC,2.16247724,5.618033280000001,3.8050493999999997,0.34949335999999853
2026-03-31,BIAC,47.6465463,51.35539215,7.2079984800000005,3.4991526299999975
2026-03-31,CASC,55.43999383,40.53264539,0.0,14.90734844
2026-03-31,CBNC,4.862922360000001,5.24789045,0.0,-0.3849680899999992
2026-03-31,CDNC,74.37122928,90.61054421,12.49999608,-3.7393188500000036
2026-03-31,CEOC,70.69110966,63.35335619,0.0,7.337753469999996
2026-03-31,CETC,19.3277069,52.59007515,0.0,-33.262368249999994
2026-03-31,CHCC,91.81346836,80.94208535,0.0,10.871383010000002
2026-03-31,CHVC,38.1181411,40.59752932,0.0,-2.479388219999997
2026-03-31,CMMC,857.23088414,830.77385319,6.220003679999999,32.67703462999998
2026-03-31,CMXC,26.22950357,23.649685429999998,0.0,2.5798181400000004
2026-03-31,CNSC,152.40484642,125.03795833,0.0,27.366888090000018
2026-03-31,CQTC,29.938238390000002,26.91441421,0.0,3.023824180000002
2026-03-31,CSIC,845.0991415699999,533.13402638,0.0,311.9651151899999
2026-03-31,DLRC,0.41439069,2.37631368,1.86,-0.10192298999999982
2026-03-31,DRUC,27.563329510000003,35.60355932,0.0,-8.04022981
2026-03-31,EBPC,8.652016660000001,7.63129713,0.0,1.020719530000001
2026-03-31,EBSC,83.99670735,69.56296454000001,0.0,14.433742809999984
2026-03-31,EDPC,25.586541080000003,6.22836779,0.0,19.358173290000003
2026-03-31,EDQC,42.40859699,35.759357689999995,0.0,6.649239300000005
2026-03-31,EEPC,79.51912081,85.14837543,14.81913453,9.189879910000002
2026-03-31,EGVC,9.01041169,8.907503620000002,0.0,0.10290806999999802
2026-03-31,EMEC,1.98149063,2.9633738700000003,0.0,-0.9818832400000004
2026-03-31,EMIC,282.14594222,242.40870228,0.0,39.737239939999995
2026-03-31,EMPC,1.58272585,0.9537624299999999,0.0,0.6289634200000002
2026-03-31,EMSC,125.08003395,93.76700235,0.0,31.313031600000002
2026-03-31,ENBC,11.28100961,46.43768608,0.0,-35.15667647
2026-03-31,ENDC,1279.7784460999999,1001.5256595,0.0,278.2527865999999
2026-03-31,ENIC,30.86007435,15.95930525,0.0,14.900769100000002
2026-03-31,EPMC,1096.30733718,931.2735393300001,0.0,165.03379785000004
2026-03-31,EPSC,363.72286193,363.72260292000004,0.0,0.0002590099999792983
2026-03-31,EPTC,7.74748369,37.42594527000001,33.27855736,3.6000957799999966
2026-03-31,ESOC,0.53764741,0.0,0.0,0.53764741
2026-03-31,ESSC,212.89548874000002,154.44778981,0.0,58.44769893000003
2026-03-31,ESVC,0.46895264000000003,0.44063492,0.0,0.028317720000000046
2026-03-31,ETTC,52.470288659999994,52.39980196,0.0,0.07048669999999646
2026-03-31,EVSC,1.24714985,1.16651984,0.0,0.08063000999999992
2026-03-31,EXEC,17.91886504,19.354145059999997,0.0,-1.4352800199999969
2026-03-31,EXIC,9.50478669,13.27393299,6.35432866,2.5851823599999992
2026-03-31,FERC,10.84243032,39.430680339999995,20.69416576,-7.8940842599999925
2026-03-31,FREC,7.32812128,6.99600312,0.5208,0.8529181600000006
2026-03-31,GAPC,6.01246429,5.41685692,0.0,0.5956073699999997
2026-03-31,GECC,395.07761242000004,283.8998411,0.0,111.17777132000003
2026-03-31,GNCC,151.90004256999998,193.37090202000002,58.43988273,16.96902327999996
2026-03-31,GNYC,1.9588499799999999,15.1896053,11.04969594,-2.1810593800000007
2026-03-31,GSAC,0.03957497,0.014507,0.0,0.025067970000000002
2026-03-31,HIMC,1.00815692,0.04824189,0.0,0.95991503
2026-03-31,HLAC,91.65127086,78.07876837,0.0,13.57250248999999
2026-03-31,ISGC,358.03916979,434.04,0.0,-76.00083021
2026-03-31,ITLC,13.330103710000001,17.96019711,3.99999696,-0.6300964399999991
2026-03-31,LESC,3.50450342,8.292576879999999,6.0587839500000005,1.2707104900000026
2026-03-31,NEUC,63.82608348,96.75544808,36.896865420000005,3.967500820000012
2026-03-31,PEEC,0.17155406,14.22799436,13.6344,-0.4220403000000008
2026-03-31,QIEC,27.42449224,47.176834770000006,20.992302809999998,1.2399602799999911
2026-03-31,RPEC,0.77735942,0.0,0.0,0.77735942
2026-03-31,RTQC,32.66426096,93.22835024,65.63024255,5.066153270000001
2026-03-31,SCEC,1.2424016100000002,4.5010158,3.58877956,0.33016536999999957
2026-03-31,SOEC,117.22650321,120.54434827,3.3178450600000002,0.0
2026-03-31,TENC,32.04369882,29.522137,0.0,2.5215618200000023
2026-03-31,TPLC,8.03395066,20.97039141,13.49021099,0.5537702399999986
2026-03-31,TRPC,0.031336329999999996,0.0,0.0,0.031336329999999996
2026-03-31,VESC,3.02904094,2.97274402,0.0,0.05629691999999986
2026-03-31,VICC,0.29796409,0.0,0.0,0.29796409
2026-04-30,ASCC,2.53330529,2.35237714,0.18092815,0.3618562999999999
2026-04-30,BCCC,0.09181714,1.525657,1.525657,0.09181714000000007
2026-04-30,BEIC,1.9662743200000001,5.58418626,3.36617153,-0.25174041
2026-04-30,BIAC,46.41239554,43.76662461,10.01645964,12.662230569999998
2026-04-30,CASC,47.50812378,34.99733132,2.49980938,15.01060184
2026-04-30,CBNC,4.8766995,4.56298046,0.39204892,0.7057679599999993
2026-04-30,CDNC,101.65094151999999,107.58251842,18.78657345,12.854996549999996
2026-04-30,CEOC,68.66984509999999,56.25559380000001,4.0182567,16.432507999999977
2026-04-30,CETC,18.61796721,17.34802562,1.26994159,2.539883179999997
2026-04-30,CHCC,89.49863739,74.7963916,5.4784419,20.18068769
2026-04-30,CHVC,36.658351229999994,36.668736159999995,2.61919544,2.608810509999998
2026-04-30,CMMC,844.4966648999999,738.5103070499999,58.68767698,164.67403482999998
2026-04-30,CMXC,25.714705149999997,19.17053051,1.45011421,7.994288849999997
2026-04-30,CNSC,146.63127072999998,118.49752203999999,8.75351486,36.887263549999986
2026-04-30,CQTC,27.17146854,23.7545905,1.68068824,5.097566279999999
2026-04-30,CSIC,844.93187671,582.93113971,42.37868379,304.3794207899999
2026-04-30,DLRC,0.40444294000000003,2.26634784,1.8333105600000001,-0.02859433999999972
2026-04-30,DRUC,25.470442669999997,32.342533,0.34108731,-6.531003020000007
2026-04-30,EBPC,8.105301410000001,7.3268395,0.53784026,1.3163021700000002
2026-04-30,EBSC,79.59279065999999,67.8570158,4.82020465,16.555979509999986
2026-04-30,EDPC,24.33354257,5.625622519999999,0.40183018,19.10975023
2026-04-30,EDQC,41.13543245,28.17562761,2.0360802,14.995885040000005
2026-04-30,EEPC,77.12376524,75.68720551999999,17.18323969,18.619799410000013
2026-04-30,EGVC,7.69200654,7.04526524,0.50328784,1.15002914
2026-04-30,EMEC,2.1769526299999997,2.9470781600000002,0.20632814000000002,-0.5637973900000004
2026-04-30,EMIC,274.15061255,220.51311464,15.856719349999999,69.49421726
2026-04-30,EMPC,1.42013347,0.86146284,0.06153306,0.6202036899999999
2026-04-30,EMSC,107.40253512999999,86.5032617,6.199557270000001,27.098830699999993
2026-04-30,ENBC,11.20540361,10.86436101,0.7761235,1.1171661000000004
2026-04-30,ENDC,1233.74565304,990.51462237,73.94314537000001,317.1741760399999
2026-04-30,ENIC,27.630783079999997,14.71272036,1.07697932,13.995042039999996
2026-04-30,EPMC,1058.45041551,827.67005986,62.74106277,293.52141842000015
2026-04-30,EPSC,355.19169204,330.82053414,24.37090588,48.742063780000024
2026-04-30,EPTC,7.33693218,43.95352011,39.86497617,3.248388239999997
2026-04-30,ESOC,0.50902522,0.0,0.0,0.50902522
2026-04-30,ESSC,206.13976058,140.32580208000002,10.342361380000002,76.15631987999998
2026-04-30,ESVC,0.38041361,0.36568592,0.02675566,0.04148335000000003
2026-04-30,ETTC,50.419162799999995,46.56553711,3.8630576299999997,7.716683319999994
2026-04-30,EVSC,1.16507714,1.0383539199999998,0.07461128,0.2013345000000002
2026-04-30,EXEC,17.07717577,17.91306776,1.27950484,0.44361285000000095
2026-04-30,EXIC,9.895375439999999,13.90416867,6.52124335,2.512450119999997
2026-04-30,FERC,10.46533075,40.394961130000006,27.323978710000002,-2.6056516700000074
2026-04-30,FREC,6.837467309999999,6.36160224,0.92240016,1.3982652299999998
2026-04-30,GAPC,5.729267360000001,4.9253576400000005,0.35181126,1.15572098
2026-04-30,GECC,344.04933669,242.81221206,13.92079525,115.15791988000004
2026-04-30,GNCC,146.81947899000002,186.61290960999997,65.92654879,26.133118170000046
2026-04-30,GNYC,1.9130458700000001,16.166553710000002,10.51121384,-3.742294000000003
2026-04-30,GSAC,0.024940340000000002,0.0,0.0,0.024940340000000002
2026-04-30,HIMC,0.97973134,0.04357332,0.00311238,0.9392704
2026-04-30,HLAC,85.58779357,72.74187859999999,4.9825460999999995,17.828461070000003
2026-04-30,ISGC,335.36628649,391.08,28.72,-26.993713509999964
2026-04-30,ITLC,12.823983570000001,16.77726784,4.926944,0.9736597300000014
2026-04-30,LESC,3.14004547,7.628086069999999,5.57636133,1.0883207300000004
2026-04-30,NEUC,61.14551287,90.91072139,39.34967899,9.58447047
2026-04-30,PEEC,0.14202901,13.57589168,11.602735119999998,-1.8311275500000015
2026-04-30,QIEC,27.426337009999997,47.26953268,22.45922703,2.616031360000001
2026-04-30,RPEC,1.19598623,0.0,0.0,1.19598623
2026-04-30,RTQC,32.02464611,93.11920968000001,65.63544874,4.540885169999996
2026-04-30,SCEC,1.20922205,4.16412559,3.52559375,0.5706902099999995
2026-04-30,SOEC,112.40871148000001,107.66767303,11.162674050000001,15.903712500000012
2026-04-30,TENC,30.82250884,26.665156,1.904654,6.062006839999999
2026-04-30,TPLC,7.8028258,20.071973990000004,14.62779442,2.358646229999998
2026-04-30,TRPC,0.02338238,0.0,0.0,0.02338238
2026-04-30,VESC,2.72342431,3.28646818,0.22858989000000002,-0.33445398000000015
2026-04-30,VICC,0.24807937,0.0,0.0,0.24807937
2026-05-31,ASCC,2.6127641,2.6127641,0.0,0.0
2026-05-31,BCCC,0.09113078999999999,1.4520328900000001,1.4520328900000001,0.09113079000000002
2026-05-31,BEIC,1.37347576,7.842031529999999,2.9785104000000002,-3.490045369999999
2026-05-31,BIAC,48.25705401,51.812568549999995,11.431998960000001,7.876484420000004
2026-05-31,CASC,47.65331177,36.51504539,0.0,11.138266380000005
2026-05-31,CBNC,5.4068667,5.27846245,0.0,0.12840425
2026-05-31,CDNC,110.07311234000001,98.16557506000001,0.0,11.90753728
2026-05-31,CEOC,72.72669121999999,65.62821848,0.0,7.098472739999991
2026-05-31,CETC,19.57787044,19.57787044,0.0,0.0
2026-05-31,CHCC,94.77235395000001,80.9795637,0.0,13.79279025000001
2026-05-31,CHVC,41.122276310000004,40.59752932,0.0,0.5247469900000041
2026-05-31,CMMC,917.4190125700001,786.5329157799999,6.220003679999999,137.10610047000011
2026-05-31,CMXC,24.76247446,22.790376390000002,0.0,1.9720980699999977
2026-05-31,CNSC,163.38365459,138.12525032999997,0.0,25.25840426000002
2026-05-31,CQTC,26.31208375,26.574815280000003,0.0,-0.2627315300000035
2026-05-31,CSIC,938.8541606499999,688.93830332,0.0,249.91585732999988
2026-05-31,DLRC,0.44816723999999997,2.37631368,1.86,-0.06814644000000003
2026-05-31,DRUC,27.07290211,34.65390852,0.0,-7.5810064100000005
2026-05-31,EBPC,7.77190091,7.7797487599999995,0.0,-0.007847849999999212
2026-05-31,EBSC,83.296915,90.96663354,0.0,-7.669718540000005
2026-05-31,EDPC,26.00397293,7.29555395,0.0,18.708418979999998
2026-05-31,EDQC,43.18035689,36.245173539999996,0.0,6.935183350000003
2026-05-31,EEPC,81.12159840000001,88.5925238,18.06940719,10.598481790000008
2026-05-31,EGVC,7.68048369,7.844522990000001,0.0,-0.16403930000000067
2026-05-31,EMEC,2.2856892,2.82025317,0.0,-0.5345639699999998
2026-05-31,EMIC,291.73246989,249.1144544,0.0,42.618015490000005
2026-05-31,EMPC,1.4079426499999999,0.9537624299999999,0.0,0.4541802199999999
2026-05-31,EMSC,109.56880011,97.65847939,0.0,11.910320720000001
2026-05-31,ENBC,12.4030372,15.10727036,0.0,-2.7042331599999994
2026-05-31,ENDC,1276.86205948,1251.41962596,0.0,25.442433519999895
2026-05-31,ENIC,29.12365446,17.505393630000004,0.0,11.618260829999997
2026-05-31,EPMC,1129.69690659,1020.59333932,0.0,109.10356726999999
2026-05-31,EPSC,378.48149423,378.48123026,0.0,0.0002639699999917866
2026-05-31,EPTC,7.15137712,28.931829259999997,21.73006125,-0.05039088999999919
2026-05-31,ESOC,0.52651013,0.42829364000000003,0.0,0.09821648999999999
2026-05-31,ESSC,224.25351393,181.54674888,0.0,42.70676505
2026-05-31,ESVC,0.38290547,0.35072926,0.0,0.03217621000000004
2026-05-31,ETTC,51.91770695,51.91770695,0.0,0.0
2026-05-31,EVSC,1.2383077,1.15888784,0.0,0.07941986000000001
2026-05-31,EXEC,17.9742223,19.12524788,0.0,-1.1510255799999989
2026-05-31,EXIC,9.14567935,14.86404265,5.30516464,-0.41319866000000083
2026-05-31,FERC,10.24213432,39.716267810000005,27.96238005,-1.5117534400000068
2026-05-31,FREC,6.702131349999999,6.99600312,0.5208,0.2269282299999995
2026-05-31,GAPC,5.9858300700000004,5.41685692,0.0,0.5689731500000006
2026-05-31,GECC,336.33636718,241.96112675,0.0,94.37524043000002
2026-05-31,GNCC,157.08657273,191.89757109,58.48380419,23.672805829999987
2026-05-31,GNYC,2.2448408399999997,16.96507754,13.194851230000001,-1.525385469999998
2026-05-31,GSAC,0.04580746,2.8445395,0.0,-2.7987320400000004
2026-05-31,HIMC,0.99641502,0.04824189,0.0,0.94817313
2026-05-31,HLAC,97.66670277,80.48799432,0.0,17.178708450000002
2026-05-31,ISGC,352.95141055,432.11,0.0,-79.15858945000002
2026-05-31,ITLC,14.25339892,17.96019975,3.99999696,0.29319612999999833
2026-05-31,LESC,3.41808391,8.292576879999999,5.45421282,0.5797198500000018
2026-05-31,NEUC,61.654620439999995,111.08623820999999,48.66253364,-0.769084129999996
2026-05-31,PEEC,0.15701885000000002,14.22799436,13.3176,-0.7533755099999997
2026-05-31,QIEC,29.29902363,49.72381506,23.092641710000002,2.6678502800000032
2026-05-31,RPEC,1.5868202900000001,0.0,0.0,1.5868202900000001
2026-05-31,RTQC,33.54274029,109.51378231,72.40071626,-3.570325760000003
2026-05-31,SCEC,1.3586007199999999,4.1689477,3.3893840300000004,0.5790370500000002
2026-05-31,SOEC,110.33898822,113.65683328,3.3178450600000002,0.0
2026-05-31,TENC,32.62621897,29.522137,0.0,3.1040819699999957
2026-05-31,TPLC,8.16258234,21.541141120000002,15.258949939999999,1.8803911599999985
2026-05-31,TRPC,0.02547193,0.00598998,0.0,0.01948195
2026-05-31,VESC,3.19731407,3.7084805800000002,0.0,-0.5111665100000002
2026-05-31,VICC,0.24549308000000003,0.0,0.0,0.24549308000000003
2026-06-30,ASCC,2.5034278,2.5034278,0.0,0.0
2026-06-30,BCCC,0.0242379,1.48839751,1.48839751,0.024237899999999923
2026-06-30,BEIC,2.36836769,8.79518939,4.4275896,-1.9992321000000004
2026-06-30,BIAC,45.88382839,55.19127044,11.5842672,2.2768251500000005
2026-06-30,CASC,46.52014857,37.33713769999999,0.0,9.183010870000011
2026-06-30,CBNC,5.49506272,5.39747559,0.0,0.09758712999999997
2026-06-30,CDNC,108.71507851999999,98.90723299,0.0,9.807845529999994
2026-06-30,CEOC,71.08968046,56.712482030000004,0.0,14.377198429999993
2026-06-30,CETC,18.727722280000002,18.727722280000002,0.0,0.0
2026-06-30,CHCC,91.92498772,80.30883686,0.0,11.616150860000005
2026-06-30,CHVC,45.779646920000005,39.2879316,0.0,6.491715320000004
2026-06-30,CMMC,863.9396045499999,754.21369628,6.0999984,115.82590666999988
2026-06-30,CMXC,20.72855373,22.320009690000003,0.0,-1.5914559600000011
2026-06-30,CNSC,157.08490566,139.0829279,0.0,18.001977760000017
2026-06-30,CQTC,25.827012330000002,25.51421009,0.0,0.31280224000000345
2026-06-30,CSIC,890.0683017599999,627.33408406,0.0,262.73421769999993
2026-06-30,DLRC,0.39951927000000004,2.2997544,1.8,-0.10023512999999973
2026-06-30,DRUC,26.53475068,32.61416625,0.0,-6.079415569999998
2026-06-30,EBPC,7.78384435,6.985776939999999,0.0,0.7980674100000007
2026-06-30,EBSC,80.86069241,87.73094323999999,0.0,-6.870250829999989
2026-06-30,EDPC,25.25877639,15.7002135,0.0,9.558562890000001
2026-06-30,EDQC,42.084555869999996,36.48652681,0.0,5.598029059999995
2026-06-30,EEPC,78.0399467,89.56977038,21.17720607,9.647382390000004
2026-06-30,EGVC,7.43584008,8.588987219999998,0.0,-1.153147139999998
2026-06-30,EMEC,1.96922206,2.46375346,0.0,-0.49453139999999984
2026-06-30,EMIC,278.52613992,245.11086286000003,0.0,33.415277059999966
2026-06-30,EMPC,1.3908337800000001,0.9229958999999999,0.0,0.46783788000000026
2026-06-30,EMSC,107.17967701,96.76641285,0.0,10.413264160000011
2026-06-30,ENBC,12.461252199999999,15.06439211,0.0,-2.6031399100000012
2026-06-30,ENDC,1228.7125791800001,1174.70509424,0.0,54.00748494000004
2026-06-30,ENIC,27.88373607,25.96589681,0.0,1.917839260000001
2026-06-30,EPMC,1077.8685915899998,992.2943386000001,0.0,85.57425298999976
2026-06-30,EPSC,362.27202869,362.2717734,0.0,0.00025529000004098634
2026-06-30,EPTC,6.9950788,27.83464802,19.07424359,-1.765325630000003
2026-06-30,ESOC,0.48375715999999996,0.48375715999999996,0.0,0.0
2026-06-30,ESSC,212.70583275,169.10377788999998,0.0,43.60205486000004
2026-06-30,ESVC,0.35350006,0.31045739999999994,0.0,0.043042660000000066
2026-06-30,ETTC,49.37889517,49.37889517,0.0,0.0
2026-06-30,EVSC,1.19564992,1.1166732,0.0,0.07897672
2026-06-30,EXEC,17.509134,19.150343700000004,0.0,-1.6412097000000045
2026-06-30,EXIC,8.236417730000001,15.494123810000001,7.1267818499999995,-0.13092423000000153
2026-06-30,FERC,9.870823439999999,39.14816966,28.63111325,-0.6462329700000069
2026-06-30,FREC,6.72343054,6.780002400000001,0.504,0.44742813999999953
2026-06-30,GAPC,5.78225114,5.259357,0.0,0.52289414
2026-06-30,GECC,296.54608823,290.95679641000004,0.0,5.589291819999971
2026-06-30,GNCC,151.70964904,186.20407806,56.32451229,21.83008326999999
2026-06-30,GNYC,2.16176683,16.29834238,13.90406586,-0.23250969000000055
2026-06-30,GSAC,0.02190505,2.8093515,0.0,-2.78744645
2026-06-30,HIMC,0.9580086,0.046685700000000004,0.0,0.9113228999999999
2026-06-30,HLAC,87.06550627,79.73670582,0.0,7.328800450000003
2026-06-30,ISGC,336.09992072000006,418.4,0.0,-82.30007927999992
2026-06-30,ITLC,13.570991789999999,18.019217039999997,4.269996,-0.17822924999999756
2026-06-30,LESC,3.26721532,8.0250744,5.20243604,0.4445769600000009
2026-06-30,NEUC,61.76422976,110.86357486,48.155115030000005,-0.9442300700000033
2026-06-30,PEEC,0.19195909,13.7690268,12.888,-0.6890677100000016
2026-06-30,QIEC,27.45952895,47.95952743,20.30703696,-0.19296152000000433
2026-06-30,RPEC,0.59968781,0.0,0.0,0.59968781
2026-06-30,RTQC,31.54367545,104.68550929000001,69.51686039,-3.624973450000013
2026-06-30,SCEC,1.2481274,4.14780598,3.25281582,0.3531372399999997
2026-06-30,SOEC,111.0228851,114.23370290000001,3.2108177999999996,-1.4210854715202004e-14
2026-06-30,TENC,31.58201768,28.56981,0.0,3.0122076799999995
2026-06-30,TPLC,7.7482811,21.68692895,15.5452078,1.6065599500000012
2026-06-30,TRPC,0.02042327,0.020533190000000003,0.0,-0.00010992000000000293
2026-06-30,VESC,2.56150965,4.41891504,0.0,-1.8574053899999998
2026-06-30,VICC,0.24058588,0.0,0.0,0.24058588
2026-07-31,ASCC,2.62123706,2.62123706,0.0,0.0
2026-07-31,BCCC,0.00167143,1.69668147,1.26280301,-0.4322070299999998
2026-07-31,BEIC,2.8182170600000003,8.246829980000001,5.2918788,-0.13673411999999985
2026-07-31,BIAC,46.499819269999996,48.51304417,8.99999688,6.986771979999993
2026-07-31,CASC,46.83503274,36.51504539,0.0,10.319987350000005
2026-07-31,CBNC,5.79141047,5.52741525,0.0,0.26399522
2026-07-31,CDNC,108.90420008,105.01788909999999,0.0,3.8863109800000046
2026-07-31,CEOC,74.69840927,59.89967755999999,0.0,14.798731710000006
2026-07-31,CETC,20.23245974,20.23245974,0.0,0.0
2026-07-31,CHCC,96.21309308,79.01634749,0.0,17.196745589999992
2026-07-31,CHVC,41.35737204,40.59752932,0.0,0.7598427200000017
2026-07-31,CMMC,925.5625151200001,793.59436284,6.4193685899999995,138.38752087
2026-07-31,CMXC,24.02424649,24.150063890000002,0.64,0.514182599999998
2026-07-31,CNSC,164.44739503,133.81780128,0.0,30.629593749999998
2026-07-31,CQTC,26.64263372,26.25256521,0.0,0.390068509999999
2026-07-31,CSIC,948.5569523099999,474.05295527,0.0,474.50399703999994
2026-07-31,DLRC,0.422829,2.3764996800000002,1.86,-0.09367068000000023
2026-07-31,DRUC,27.123491480000002,28.06488722,0.0,-0.9413957399999973
2026-07-31,EBPC,7.998751110000001,7.07458166,0.0,0.9241694500000008
2026-07-31,EBSC,84.50299439,89.96580009,0.0,-5.462805700000004
2026-07-31,EDPC,26.636906019999998,7.29555395,0.0,19.34135207
2026-07-31,EDQC,44.416046,38.6484436,0.19259041999999998,5.960192820000003
2026-07-31,EEPC,83.24659825,93.92351837999999,22.63771281,11.960792680000012
2026-07-31,EGVC,8.0172365,8.84562832,0.0,-0.8283918200000002
2026-07-31,EMEC,2.25277268,2.5055211699999997,0.0,-0.25274848999999966
2026-07-31,EMIC,300.59578165,250.53280681,0.0,50.06297483999998
2026-07-31,EMPC,1.43337174,0.9537624299999999,0.0,0.47960930999999996
2026-07-31,EMSC,110.89121186,92.37508683,0.0,18.516125029999998
2026-07-31,ENBC,13.4597616,15.38148884,0.0,-1.9217272399999992
2026-07-31,ENDC,1277.12492074,1221.7707134000002,0.0,55.3542073399999
2026-07-31,ENIC,28.324401050000002,22.66961882,0.0,5.654782230000002
2026-07-31,EPMC,1148.82143778,1036.55626944,0.0015666399999999998,112.26673497999991
2026-07-31,EPSC,391.26123728,391.2610518,0.0,0.0001854799999705392
2026-07-31,EPTC,7.16245631,26.030930989999998,19.892551330000003,1.024076650000005
2026-07-31,ESOC,0.46145276,0.46145276,0.0,0.0
2026-07-31,ESSC,228.22728181,177.76029052,0.0,50.46699128999998
2026-07-31,ESVC,0.38664983999999997,0.33350914000000004,0.0,0.05314069999999993
2026-07-31,ETTC,52.83457592,52.93188416,0.0,-0.09730824000000382
2026-07-31,EVSC,1.2520776999999998,1.15935484,0.0,0.09272285999999985
2026-07-31,EXEC,18.520550489999998,24.05338825,0.0,-5.532837760000003
2026-07-31,EXIC,8.45889681,14.014613599999999,4.9519256,-0.6037911899999973
2026-07-31,FERC,10.59977113,38.47723235,28.13923663,0.2617754099999985
2026-07-31,FREC,7.3555082700000005,6.99600312,0.5208,0.8803051500000008
2026-07-31,GAPC,6.43327716,5.43466921,0.0,0.9986079500000002
2026-07-31,GECC,325.17130019,324.48810748,0.0,0.6831927100000144
2026-07-31,GNCC,164.78972399,190.57848244,59.499810350000004,33.7110519
2026-07-31,GNYC,2.29271937,16.71352089,14.543776800000002,0.12297527999999858
2026-07-31,GSAC,0.04384544,2.61278554,0.0,-2.5689401
2026-07-31,HIMC,0.98693628,0.04824189,0.0,0.93869439
2026-07-31,HLAC,95.55145768,81.55899123,0.0,13.992466449999995
2026-07-31,ISGC,340.02980964,434.16,0.0,-94.13019036000003
2026-07-31,ITLC,14.6709117,18.27942841,4.37799696,0.7694802499999973
2026-07-31,LESC,3.41751365,8.292576879999999,5.24279697,0.36773374000000203
2026-07-31,NEUC,63.32129869999999,117.11722643,51.65416337999999,-2.1417643500000167
2026-07-31,PEEC,0.2025358,14.22799436,13.3176,-0.70785856
2026-07-31,QIEC,24.73034756,45.189526009999994,21.84358725,1.3844088000000028
2026-07-31,RPEC,0.23579625,0.0,0.0,0.23579625
2026-07-31,RTQC,33.22049738,107.01109033,72.58941496000001,-1.2011779899999908
2026-07-31,SCEC,1.27719626,5.02693051,3.47165329,-0.2780809599999996
2026-07-31,SOEC,92.90763931999999,132.40760763,3.3178450600000002,-36.18212325000002
2026-07-31,TENC,33.0185636,29.522137,0.0,3.4964265999999995
2026-07-31,TPLC,8.2015957,22.53888361,15.82491634,1.487628430000001
2026-07-31,TRPC,0.01599847,0.13404197999999998,0.0,-0.11804350999999998
2026-07-31,VESC,2.89813765,4.55859221,0.0,-1.6604545599999998
2026-07-31,VICC,0.25411389,0.0,0.0,0.25411389
2026-08-31,ASCC,1.24122049,1.24122049,0.0,0.0
2026-08-31,BCCC,0.00026456,0.83804711,0.83804711,0.00026455999999996926
2026-08-31,BEIC,0.71927291,3.32467961,2.1863772000000004,-0.4190294999999997
2026-08-31,BIAC,20.72672582,23.0995591,4.3548371999999995,1.9820039199999968
2026-08-31,CASC,29.2921581,18.63793135,0.0,10.654226750000003
2026-08-31,CBNC,2.38914191,2.3466307299999998,0.0,0.042511180000000426
2026-08-31,CDNC,60.6017365,49.61758594,0.54792,11.532070560000001
2026-08-31,CEOC,38.1532006,29.21333745,0.0,8.939863149999997
2026-08-31,CETC,9.849752449999999,9.56889032,0.0,0.28086212999999915
2026-08-31,CHCC,48.24898378,39.156556159999994,0.03317802,9.12560564000001
2026-08-31,CHVC,17.63018641,19.6439658,0.0,-2.01377939
2026-08-31,CMMC,468.34183384,383.60303465,3.09560041,87.83439959999998
2026-08-31,CMXC,11.746807,11.402112769999999,0.6,0.9446942300000014
2026-08-31,CNSC,83.31707787,66.67333719999999,0.0,16.643740670000014
2026-08-31,CQTC,13.01392934,13.524493699999999,0.0,-0.5105643599999983
2026-08-31,CSIC,488.11580059,220.94031872,0.0,267.17548187
2026-08-31,DLRC,0.19018534,1.1498291999999999,0.9,-0.05964385999999977
2026-08-31,DRUC,14.41208207,13.9578056,0.0,0.45427646999999993
2026-08-31,EBPC,4.12114604,3.7328529599999998,0.0,0.3882930800000004
2026-08-31,EBSC,50.106273200000004,43.974348670000005,0.0,6.131924529999999
2026-08-31,EDPC,11.73893936,3.53010675,0.0,8.20883261
2026-08-31,EDQC,20.53356923,17.762895280000002,0.08303305999999999,2.853707010000001
2026-08-31,EEPC,35.40572782,43.9229899,9.317396460000001,0.80013438000001
2026-08-31,EGVC,3.8890173999999997,3.8608190099999997,0.0,0.028198390000000018
2026-08-31,EMEC,1.2165572199999999,1.02821537,0.0,0.1883418499999998
2026-08-31,EMIC,135.05515316999998,120.5751802,0.0,14.479972969999977
2026-08-31,EMPC,0.70293025,0.46149794999999993,0.0,0.24143230000000004
2026-08-31,EMSC,57.36213279,44.45651986,0.054696,12.960308929999997
2026-08-31,ENBC,6.71966836,8.09577763,0.0,-1.3761092700000006
2026-08-31,ENDC,627.62221411,583.5389305399999,0.0,44.08328357000005
2026-08-31,ENIC,14.97420917,8.92773699,0.0,6.04647218
2026-08-31,EPMC,581.7392136799999,498.3453225,0.00084272,83.39473389999995
2026-08-31,EPSC,200.36618004,184.17419868000002,0.0,16.19198135999997
2026-08-31,EPTC,3.5138471,10.89562565,8.89797571,1.5161971600000008
2026-08-31,ESOC,0.249239,0.249239,0.0,0.0
2026-08-31,ESSC,117.072795,85.85465395,0.0,31.21814105
2026-08-31,ESVC,0.18466860999999998,0.17450235,0.0,0.010166259999999983
2026-08-31,ETTC,24.921574449999998,24.921574449999998,0.0,0.0
2026-08-31,EVSC,0.5911828499999999,0.5624705999999999,0.0,0.028712249999999995
2026-08-31,EXEC,8.837295390000001,11.602311,0.0,-2.765015609999999
2026-08-31,EXIC,5.08132172,7.45078875,2.6902992,0.3208321700000001
2026-08-31,FERC,5.02880779,18.51106006,13.40397424,-0.07827802999999989
2026-08-31,FREC,3.22832533,3.3851628,0.252,0.09516253000000052
2026-08-31,GAPC,3.29089221,2.62967865,0.0,0.6612135600000002
2026-08-31,GECC,153.18037053999998,142.20878538,10.08915294,21.06073809999998
2026-08-31,GNCC,78.96928356000001,91.14084743000001,28.3509107,16.17934683
2026-08-31,GNYC,1.0727800900000002,8.612511640000001,7.556357429999999,0.016625879999999427
2026-08-31,GSAC,0.00898091,0.878421,0.0,-0.86944009
2026-08-31,HIMC,0.49334396999999997,0.023342850000000002,0.0,0.47000111999999994
2026-08-31,HLAC,45.17625154,38.25426251,0.0,6.921989030000006
2026-08-31,ISGC,156.20780255000003,209.37,0.0,-53.16219744999998
2026-08-31,ITLC,6.91537271,8.86657917,2.1694823999999997,0.21827593999999984
2026-08-31,LESC,1.6230348700000001,4.0125372,2.5088383700000003,0.1193360400000012
2026-08-31,NEUC,30.96564993,54.536879670000005,22.022986260000003,-1.5482434799999965
2026-08-31,PEEC,0.08346260000000001,6.8845134,6.444,-0.35705080000000056
2026-08-31,QIEC,11.489989849999999,21.38506861,9.778317359999999,-0.11676140000000501
2026-08-31,RPEC,0.59017318,0.0,0.0,0.59017318
2026-08-31,RTQC,16.79742805,51.668978700000004,33.718959850000005,-1.1525907999999987
2026-08-31,SCEC,0.71941535,2.1822345100000002,1.22780051,-0.23501865000000022
2026-08-31,SOEC,33.80653373,56.45466263,1.6054088999999998,-21.042720000000003
2026-08-31,TENC,15.734631349999999,14.284905,0.0,1.4497263499999988
2026-08-31,TPLC,3.97389769,11.116042949999999,7.789818309999999,0.6476730499999999
2026-08-31,TRPC,0.00859098,0.25130305,0.0,-0.24271206999999997
2026-08-31,VESC,1.43009653,2.19472972,0.0,-0.7646331900000003
2026-08-31,VICC,0.12390286,0.0,0.0,0.12390286
